path,prob,label,label_name
/sda1_mount/lxy/Cat_Dog_Classification/dataset/test/cats/cat.4001.jpg,0.1735972911119461,0,cats
/sda1_mount/lxy/Cat_Dog_Classification/dataset/test/cats/cat.4002.jpg,0.057487137615680695,0,cats
/sda1_mount/lxy/Cat_Dog_Classification/dataset/test/cats/cat.4003.jpg,6.088343070587143e-05,0,cats
/sda1_mount/lxy/Cat_Dog_Classification/dataset/test/cats/cat.4004.jpg,0.01931815966963768,0,cats
/sda1_mount/lxy/Cat_Dog_Classification/dataset/test/cats/cat.4005.jpg,0.022483594715595245,0,cats
/sda1_mount/lxy/Cat_Dog_Classification/dataset/test/cats/cat.4006.jpg,0.8717435598373413,1,dogs
/sda1_mount/lxy/Cat_Dog_Classification/dataset/test/cats/cat.4007.jpg,0.0024892669171094894,0,cats
/sda1_mount/lxy/Cat_Dog_Classification/dataset/test/cats/cat.4008.jpg,0.5005989074707031,1,dogs
/sda1_mount/lxy/Cat_Dog_Classification/dataset/test/cats/cat.4009.jpg,0.0648222416639328,0,cats
/sda1_mount/lxy/Cat_Dog_Classification/dataset/test/cats/cat.4010.jpg,0.037413641810417175,0,cats
/sda1_mount/lxy/Cat_Dog_Classification/dataset/test/cats/cat.4011.jpg,0.47999051213264465,0,cats
/sda1_mount/lxy/Cat_Dog_Classification/dataset/test/cats/cat.4012.jpg,0.003054514527320862,0,cats
/sda1_mount/lxy/Cat_Dog_Classification/dataset/test/cats/cat.4013.jpg,5.610898733721115e-05,0,cats
/sda1_mount/lxy/Cat_Dog_Classification/dataset/test/cats/cat.4014.jpg,0.0007190020987764001,0,cats
/sda1_mount/lxy/Cat_Dog_Classification/dataset/test/cats/cat.4015.jpg,0.11053003370761871,0,cats
/sda1_mount/lxy/Cat_Dog_Classification/dataset/test/cats/cat.4016.jpg,0.26256150007247925,0,cats
/sda1_mount/lxy/Cat_Dog_Classification/dataset/test/cats/cat.4017.jpg,1.7376974938088097e-05,0,cats
/sda1_mount/lxy/Cat_Dog_Classification/dataset/test/cats/cat.4018.jpg,0.0005128700868226588,0,cats
/sda1_mount/lxy/Cat_Dog_Classification/dataset/test/cats/cat.4019.jpg,0.011854410171508789,0,cats
/sda1_mount/lxy/Cat_Dog_Classification/dataset/test/cats/cat.4020.jpg,0.26837393641471863,0,cats
/sda1_mount/lxy/Cat_Dog_Classification/dataset/test/cats/cat.4021.jpg,0.11977311223745346,0,cats
/sda1_mount/lxy/Cat_Dog_Classification/dataset/test/cats/cat.4022.jpg,0.12534908950328827,0,cats
/sda1_mount/lxy/Cat_Dog_Classification/dataset/test/cats/cat.4023.jpg,1.1070032996940427e-06,0,cats
/sda1_mount/lxy/Cat_Dog_Classification/dataset/test/cats/cat.4024.jpg,0.005972268525511026,0,cats
/sda1_mount/lxy/Cat_Dog_Classification/dataset/test/cats/cat.4025.jpg,0.3148651719093323,0,cats
/sda1_mount/lxy/Cat_Dog_Classification/dataset/test/cats/cat.4026.jpg,0.0004069858987350017,0,cats
/sda1_mount/lxy/Cat_Dog_Classification/dataset/test/cats/cat.4027.jpg,0.1543871909379959,0,cats
/sda1_mount/lxy/Cat_Dog_Classification/dataset/test/cats/cat.4028.jpg,0.011958252638578415,0,cats
/sda1_mount/lxy/Cat_Dog_Classification/dataset/test/cats/cat.4029.jpg,6.26486144028604e-06,0,cats
/sda1_mount/lxy/Cat_Dog_Classification/dataset/test/cats/cat.4030.jpg,0.8185017704963684,1,dogs
/sda1_mount/lxy/Cat_Dog_Classification/dataset/test/cats/cat.4031.jpg,0.3856869637966156,0,cats
/sda1_mount/lxy/Cat_Dog_Classification/dataset/test/cats/cat.4032.jpg,0.044408753514289856,0,cats
/sda1_mount/lxy/Cat_Dog_Classification/dataset/test/cats/cat.4033.jpg,0.03168976306915283,0,cats
/sda1_mount/lxy/Cat_Dog_Classification/dataset/test/cats/cat.4034.jpg,7.758100400678813e-05,0,cats
/sda1_mount/lxy/Cat_Dog_Classification/dataset/test/cats/cat.4035.jpg,0.5651739835739136,1,dogs
/sda1_mount/lxy/Cat_Dog_Classification/dataset/test/cats/cat.4036.jpg,0.0001600971445441246,0,cats
/sda1_mount/lxy/Cat_Dog_Classification/dataset/test/cats/cat.4037.jpg,0.007447431795299053,0,cats
/sda1_mount/lxy/Cat_Dog_Classification/dataset/test/cats/cat.4038.jpg,0.20958952605724335,0,cats
/sda1_mount/lxy/Cat_Dog_Classification/dataset/test/cats/cat.4039.jpg,0.519991397857666,1,dogs
/sda1_mount/lxy/Cat_Dog_Classification/dataset/test/cats/cat.4040.jpg,0.000645759399048984,0,cats
/sda1_mount/lxy/Cat_Dog_Classification/dataset/test/cats/cat.4041.jpg,0.0022331061773002148,0,cats
/sda1_mount/lxy/Cat_Dog_Classification/dataset/test/cats/cat.4042.jpg,0.3268357217311859,0,cats
/sda1_mount/lxy/Cat_Dog_Classification/dataset/test/cats/cat.4043.jpg,0.0019443127093836665,0,cats
/sda1_mount/lxy/Cat_Dog_Classification/dataset/test/cats/cat.4044.jpg,0.7684135437011719,1,dogs
/sda1_mount/lxy/Cat_Dog_Classification/dataset/test/cats/cat.4045.jpg,0.00033537697163410485,0,cats
/sda1_mount/lxy/Cat_Dog_Classification/dataset/test/cats/cat.4046.jpg,0.07804077863693237,0,cats
/sda1_mount/lxy/Cat_Dog_Classification/dataset/test/cats/cat.4047.jpg,0.46776461601257324,0,cats
/sda1_mount/lxy/Cat_Dog_Classification/dataset/test/cats/cat.4048.jpg,0.004065812099725008,0,cats
/sda1_mount/lxy/Cat_Dog_Classification/dataset/test/cats/cat.4049.jpg,0.7023768424987793,1,dogs
/sda1_mount/lxy/Cat_Dog_Classification/dataset/test/cats/cat.4050.jpg,0.4646158814430237,0,cats
/sda1_mount/lxy/Cat_Dog_Classification/dataset/test/cats/cat.4051.jpg,0.021902233362197876,0,cats
/sda1_mount/lxy/Cat_Dog_Classification/dataset/test/cats/cat.4052.jpg,0.010376967489719391,0,cats
/sda1_mount/lxy/Cat_Dog_Classification/dataset/test/cats/cat.4053.jpg,0.9829045534133911,1,dogs
/sda1_mount/lxy/Cat_Dog_Classification/dataset/test/cats/cat.4054.jpg,0.041291479021310806,0,cats
/sda1_mount/lxy/Cat_Dog_Classification/dataset/test/cats/cat.4055.jpg,0.16480208933353424,0,cats
/sda1_mount/lxy/Cat_Dog_Classification/dataset/test/cats/cat.4056.jpg,0.583245575428009,1,dogs
/sda1_mount/lxy/Cat_Dog_Classification/dataset/test/cats/cat.4057.jpg,0.020558739081025124,0,cats
/sda1_mount/lxy/Cat_Dog_Classification/dataset/test/cats/cat.4058.jpg,0.9725464582443237,1,dogs
/sda1_mount/lxy/Cat_Dog_Classification/dataset/test/cats/cat.4059.jpg,0.11632601916790009,0,cats
/sda1_mount/lxy/Cat_Dog_Classification/dataset/test/cats/cat.4060.jpg,0.017594074830412865,0,cats
/sda1_mount/lxy/Cat_Dog_Classification/dataset/test/cats/cat.4061.jpg,0.09027676284313202,0,cats
/sda1_mount/lxy/Cat_Dog_Classification/dataset/test/cats/cat.4062.jpg,0.0054052285850048065,0,cats
/sda1_mount/lxy/Cat_Dog_Classification/dataset/test/cats/cat.4063.jpg,5.170213262317702e-05,0,cats
/sda1_mount/lxy/Cat_Dog_Classification/dataset/test/cats/cat.4064.jpg,0.7929437756538391,1,dogs
/sda1_mount/lxy/Cat_Dog_Classification/dataset/test/cats/cat.4065.jpg,9.027570740727242e-06,0,cats
/sda1_mount/lxy/Cat_Dog_Classification/dataset/test/cats/cat.4066.jpg,0.003794366028159857,0,cats
/sda1_mount/lxy/Cat_Dog_Classification/dataset/test/cats/cat.4067.jpg,1.7952596635950613e-06,0,cats
/sda1_mount/lxy/Cat_Dog_Classification/dataset/test/cats/cat.4068.jpg,0.00018165644723922014,0,cats
/sda1_mount/lxy/Cat_Dog_Classification/dataset/test/cats/cat.4069.jpg,0.01567944884300232,0,cats
/sda1_mount/lxy/Cat_Dog_Classification/dataset/test/cats/cat.4070.jpg,0.007659279741346836,0,cats
/sda1_mount/lxy/Cat_Dog_Classification/dataset/test/cats/cat.4071.jpg,0.5019626021385193,1,dogs
/sda1_mount/lxy/Cat_Dog_Classification/dataset/test/cats/cat.4072.jpg,0.9455694556236267,1,dogs
/sda1_mount/lxy/Cat_Dog_Classification/dataset/test/cats/cat.4073.jpg,0.09725102037191391,0,cats
/sda1_mount/lxy/Cat_Dog_Classification/dataset/test/cats/cat.4074.jpg,0.010977272875607014,0,cats
/sda1_mount/lxy/Cat_Dog_Classification/dataset/test/cats/cat.4075.jpg,0.07447534054517746,0,cats
/sda1_mount/lxy/Cat_Dog_Classification/dataset/test/cats/cat.4076.jpg,0.7025934457778931,1,dogs
/sda1_mount/lxy/Cat_Dog_Classification/dataset/test/cats/cat.4077.jpg,1.2881302609457634e-05,0,cats
/sda1_mount/lxy/Cat_Dog_Classification/dataset/test/cats/cat.4078.jpg,0.09358323365449905,0,cats
/sda1_mount/lxy/Cat_Dog_Classification/dataset/test/cats/cat.4079.jpg,0.0026694415137171745,0,cats
/sda1_mount/lxy/Cat_Dog_Classification/dataset/test/cats/cat.4080.jpg,0.0012901709415018559,0,cats
/sda1_mount/lxy/Cat_Dog_Classification/dataset/test/cats/cat.4081.jpg,0.0011516655795276165,0,cats
/sda1_mount/lxy/Cat_Dog_Classification/dataset/test/cats/cat.4082.jpg,4.4139957026345655e-05,0,cats
/sda1_mount/lxy/Cat_Dog_Classification/dataset/test/cats/cat.4083.jpg,0.00028731912607327104,0,cats
/sda1_mount/lxy/Cat_Dog_Classification/dataset/test/cats/cat.4084.jpg,8.814245120447595e-06,0,cats
/sda1_mount/lxy/Cat_Dog_Classification/dataset/test/cats/cat.4085.jpg,0.999995231628418,1,dogs
/sda1_mount/lxy/Cat_Dog_Classification/dataset/test/cats/cat.4086.jpg,0.020265299826860428,0,cats
/sda1_mount/lxy/Cat_Dog_Classification/dataset/test/cats/cat.4087.jpg,0.30085858702659607,0,cats
/sda1_mount/lxy/Cat_Dog_Classification/dataset/test/cats/cat.4088.jpg,0.00041998724918812513,0,cats
/sda1_mount/lxy/Cat_Dog_Classification/dataset/test/cats/cat.4089.jpg,0.38860103487968445,0,cats
/sda1_mount/lxy/Cat_Dog_Classification/dataset/test/cats/cat.4090.jpg,0.00029311535763554275,0,cats
/sda1_mount/lxy/Cat_Dog_Classification/dataset/test/cats/cat.4091.jpg,0.08477157354354858,0,cats
/sda1_mount/lxy/Cat_Dog_Classification/dataset/test/cats/cat.4092.jpg,0.0005891405744478106,0,cats
/sda1_mount/lxy/Cat_Dog_Classification/dataset/test/cats/cat.4093.jpg,0.002191847423091531,0,cats
/sda1_mount/lxy/Cat_Dog_Classification/dataset/test/cats/cat.4094.jpg,0.1657734215259552,0,cats
/sda1_mount/lxy/Cat_Dog_Classification/dataset/test/cats/cat.4095.jpg,0.0001319225411862135,0,cats
/sda1_mount/lxy/Cat_Dog_Classification/dataset/test/cats/cat.4096.jpg,0.09103903919458389,0,cats
/sda1_mount/lxy/Cat_Dog_Classification/dataset/test/cats/cat.4097.jpg,0.0002167466882383451,0,cats
/sda1_mount/lxy/Cat_Dog_Classification/dataset/test/cats/cat.4098.jpg,0.0008820880320854485,0,cats
/sda1_mount/lxy/Cat_Dog_Classification/dataset/test/cats/cat.4099.jpg,0.0008146581239998341,0,cats
/sda1_mount/lxy/Cat_Dog_Classification/dataset/test/cats/cat.4100.jpg,0.6973233222961426,1,dogs
/sda1_mount/lxy/Cat_Dog_Classification/dataset/test/cats/cat.4101.jpg,0.47708040475845337,0,cats
/sda1_mount/lxy/Cat_Dog_Classification/dataset/test/cats/cat.4102.jpg,2.8155568543297704e-07,0,cats
/sda1_mount/lxy/Cat_Dog_Classification/dataset/test/cats/cat.4103.jpg,0.011262408457696438,0,cats
/sda1_mount/lxy/Cat_Dog_Classification/dataset/test/cats/cat.4104.jpg,0.9900851249694824,1,dogs
/sda1_mount/lxy/Cat_Dog_Classification/dataset/test/cats/cat.4105.jpg,0.5066823959350586,1,dogs
/sda1_mount/lxy/Cat_Dog_Classification/dataset/test/cats/cat.4106.jpg,0.0012225558748468757,0,cats
/sda1_mount/lxy/Cat_Dog_Classification/dataset/test/cats/cat.4107.jpg,0.5990484952926636,1,dogs
/sda1_mount/lxy/Cat_Dog_Classification/dataset/test/cats/cat.4108.jpg,0.023975761607289314,0,cats
/sda1_mount/lxy/Cat_Dog_Classification/dataset/test/cats/cat.4109.jpg,8.25543247628957e-06,0,cats
/sda1_mount/lxy/Cat_Dog_Classification/dataset/test/cats/cat.4110.jpg,0.0001911338185891509,0,cats
/sda1_mount/lxy/Cat_Dog_Classification/dataset/test/cats/cat.4111.jpg,0.000501986825838685,0,cats
/sda1_mount/lxy/Cat_Dog_Classification/dataset/test/cats/cat.4112.jpg,0.6053268313407898,1,dogs
/sda1_mount/lxy/Cat_Dog_Classification/dataset/test/cats/cat.4113.jpg,0.08308576792478561,0,cats
/sda1_mount/lxy/Cat_Dog_Classification/dataset/test/cats/cat.4114.jpg,7.381400064332411e-05,0,cats
/sda1_mount/lxy/Cat_Dog_Classification/dataset/test/cats/cat.4115.jpg,6.790538463974372e-05,0,cats
/sda1_mount/lxy/Cat_Dog_Classification/dataset/test/cats/cat.4116.jpg,0.0008126220782287419,0,cats
/sda1_mount/lxy/Cat_Dog_Classification/dataset/test/cats/cat.4117.jpg,0.0002344707027077675,0,cats
/sda1_mount/lxy/Cat_Dog_Classification/dataset/test/cats/cat.4118.jpg,0.45172879099845886,0,cats
/sda1_mount/lxy/Cat_Dog_Classification/dataset/test/cats/cat.4119.jpg,3.56199575435312e-06,0,cats
/sda1_mount/lxy/Cat_Dog_Classification/dataset/test/cats/cat.4120.jpg,0.591135561466217,1,dogs
/sda1_mount/lxy/Cat_Dog_Classification/dataset/test/cats/cat.4121.jpg,0.004110337235033512,0,cats
/sda1_mount/lxy/Cat_Dog_Classification/dataset/test/cats/cat.4122.jpg,2.6896794224740006e-05,0,cats
/sda1_mount/lxy/Cat_Dog_Classification/dataset/test/cats/cat.4123.jpg,7.905417987785768e-06,0,cats
/sda1_mount/lxy/Cat_Dog_Classification/dataset/test/cats/cat.4124.jpg,0.0017314282013103366,0,cats
/sda1_mount/lxy/Cat_Dog_Classification/dataset/test/cats/cat.4125.jpg,0.07994178682565689,0,cats
/sda1_mount/lxy/Cat_Dog_Classification/dataset/test/cats/cat.4126.jpg,0.018183497712016106,0,cats
/sda1_mount/lxy/Cat_Dog_Classification/dataset/test/cats/cat.4127.jpg,0.14264410734176636,0,cats
/sda1_mount/lxy/Cat_Dog_Classification/dataset/test/cats/cat.4128.jpg,0.0013987788697704673,0,cats
/sda1_mount/lxy/Cat_Dog_Classification/dataset/test/cats/cat.4129.jpg,0.1079937145113945,0,cats
/sda1_mount/lxy/Cat_Dog_Classification/dataset/test/cats/cat.4130.jpg,0.006155173759907484,0,cats
/sda1_mount/lxy/Cat_Dog_Classification/dataset/test/cats/cat.4131.jpg,0.007875671610236168,0,cats
/sda1_mount/lxy/Cat_Dog_Classification/dataset/test/cats/cat.4132.jpg,0.049576565623283386,0,cats
/sda1_mount/lxy/Cat_Dog_Classification/dataset/test/cats/cat.4133.jpg,0.005814447067677975,0,cats
/sda1_mount/lxy/Cat_Dog_Classification/dataset/test/cats/cat.4134.jpg,0.6020777225494385,1,dogs
/sda1_mount/lxy/Cat_Dog_Classification/dataset/test/cats/cat.4135.jpg,0.00948932021856308,0,cats
/sda1_mount/lxy/Cat_Dog_Classification/dataset/test/cats/cat.4136.jpg,0.0412602536380291,0,cats
/sda1_mount/lxy/Cat_Dog_Classification/dataset/test/cats/cat.4137.jpg,1.1638693422355573e-06,0,cats
/sda1_mount/lxy/Cat_Dog_Classification/dataset/test/cats/cat.4138.jpg,0.2954593300819397,0,cats
/sda1_mount/lxy/Cat_Dog_Classification/dataset/test/cats/cat.4139.jpg,0.0011707134544849396,0,cats
/sda1_mount/lxy/Cat_Dog_Classification/dataset/test/cats/cat.4140.jpg,0.003106501651927829,0,cats
/sda1_mount/lxy/Cat_Dog_Classification/dataset/test/cats/cat.4141.jpg,0.0007190825999714434,0,cats
/sda1_mount/lxy/Cat_Dog_Classification/dataset/test/cats/cat.4142.jpg,0.009235416539013386,0,cats
/sda1_mount/lxy/Cat_Dog_Classification/dataset/test/cats/cat.4143.jpg,0.053105808794498444,0,cats
/sda1_mount/lxy/Cat_Dog_Classification/dataset/test/cats/cat.4144.jpg,0.24454426765441895,0,cats
/sda1_mount/lxy/Cat_Dog_Classification/dataset/test/cats/cat.4145.jpg,0.00016978559142444283,0,cats
/sda1_mount/lxy/Cat_Dog_Classification/dataset/test/cats/cat.4146.jpg,0.0004224736476317048,0,cats
/sda1_mount/lxy/Cat_Dog_Classification/dataset/test/cats/cat.4147.jpg,0.03366010636091232,0,cats
/sda1_mount/lxy/Cat_Dog_Classification/dataset/test/cats/cat.4148.jpg,0.27256014943122864,0,cats
/sda1_mount/lxy/Cat_Dog_Classification/dataset/test/cats/cat.4149.jpg,0.6139349341392517,1,dogs
/sda1_mount/lxy/Cat_Dog_Classification/dataset/test/cats/cat.4150.jpg,0.19054332375526428,0,cats
/sda1_mount/lxy/Cat_Dog_Classification/dataset/test/cats/cat.4151.jpg,0.9959971904754639,1,dogs
/sda1_mount/lxy/Cat_Dog_Classification/dataset/test/cats/cat.4152.jpg,0.05696403607726097,0,cats
/sda1_mount/lxy/Cat_Dog_Classification/dataset/test/cats/cat.4153.jpg,8.023822010727599e-05,0,cats
/sda1_mount/lxy/Cat_Dog_Classification/dataset/test/cats/cat.4154.jpg,0.07196073234081268,0,cats
/sda1_mount/lxy/Cat_Dog_Classification/dataset/test/cats/cat.4155.jpg,0.0007227761088870466,0,cats
/sda1_mount/lxy/Cat_Dog_Classification/dataset/test/cats/cat.4156.jpg,0.04283528029918671,0,cats
/sda1_mount/lxy/Cat_Dog_Classification/dataset/test/cats/cat.4157.jpg,0.19133946299552917,0,cats
/sda1_mount/lxy/Cat_Dog_Classification/dataset/test/cats/cat.4158.jpg,0.031754158437252045,0,cats
/sda1_mount/lxy/Cat_Dog_Classification/dataset/test/cats/cat.4159.jpg,0.005471282172948122,0,cats
/sda1_mount/lxy/Cat_Dog_Classification/dataset/test/cats/cat.4160.jpg,0.009309392422437668,0,cats
/sda1_mount/lxy/Cat_Dog_Classification/dataset/test/cats/cat.4161.jpg,0.2767140567302704,0,cats
/sda1_mount/lxy/Cat_Dog_Classification/dataset/test/cats/cat.4162.jpg,0.0006329712923616171,0,cats
/sda1_mount/lxy/Cat_Dog_Classification/dataset/test/cats/cat.4163.jpg,0.005590972024947405,0,cats
/sda1_mount/lxy/Cat_Dog_Classification/dataset/test/cats/cat.4164.jpg,0.005889231339097023,0,cats
/sda1_mount/lxy/Cat_Dog_Classification/dataset/test/cats/cat.4165.jpg,0.0006663923268206418,0,cats
/sda1_mount/lxy/Cat_Dog_Classification/dataset/test/cats/cat.4166.jpg,0.4497821629047394,0,cats
/sda1_mount/lxy/Cat_Dog_Classification/dataset/test/cats/cat.4167.jpg,0.1481175273656845,0,cats
/sda1_mount/lxy/Cat_Dog_Classification/dataset/test/cats/cat.4168.jpg,0.0019400137243792415,0,cats
/sda1_mount/lxy/Cat_Dog_Classification/dataset/test/cats/cat.4169.jpg,1.540879202366341e-05,0,cats
/sda1_mount/lxy/Cat_Dog_Classification/dataset/test/cats/cat.4170.jpg,0.05222310498356819,0,cats
/sda1_mount/lxy/Cat_Dog_Classification/dataset/test/cats/cat.4171.jpg,0.05495235323905945,0,cats
/sda1_mount/lxy/Cat_Dog_Classification/dataset/test/cats/cat.4172.jpg,0.47837209701538086,0,cats
/sda1_mount/lxy/Cat_Dog_Classification/dataset/test/cats/cat.4173.jpg,0.061236679553985596,0,cats
/sda1_mount/lxy/Cat_Dog_Classification/dataset/test/cats/cat.4174.jpg,0.859914243221283,1,dogs
/sda1_mount/lxy/Cat_Dog_Classification/dataset/test/cats/cat.4175.jpg,1.0192465197178535e-05,0,cats
/sda1_mount/lxy/Cat_Dog_Classification/dataset/test/cats/cat.4176.jpg,0.00048076058737933636,0,cats
/sda1_mount/lxy/Cat_Dog_Classification/dataset/test/cats/cat.4177.jpg,0.19951459765434265,0,cats
/sda1_mount/lxy/Cat_Dog_Classification/dataset/test/cats/cat.4178.jpg,1.3391990250966046e-05,0,cats
/sda1_mount/lxy/Cat_Dog_Classification/dataset/test/cats/cat.4179.jpg,7.539054877270246e-06,0,cats
/sda1_mount/lxy/Cat_Dog_Classification/dataset/test/cats/cat.4180.jpg,8.631454875285272e-07,0,cats
/sda1_mount/lxy/Cat_Dog_Classification/dataset/test/cats/cat.4181.jpg,0.017129553481936455,0,cats
/sda1_mount/lxy/Cat_Dog_Classification/dataset/test/cats/cat.4182.jpg,3.8484060496557504e-05,0,cats
/sda1_mount/lxy/Cat_Dog_Classification/dataset/test/cats/cat.4183.jpg,0.0035297945141792297,0,cats
/sda1_mount/lxy/Cat_Dog_Classification/dataset/test/cats/cat.4184.jpg,4.746017657453194e-05,0,cats
/sda1_mount/lxy/Cat_Dog_Classification/dataset/test/cats/cat.4185.jpg,0.0030242097564041615,0,cats
/sda1_mount/lxy/Cat_Dog_Classification/dataset/test/cats/cat.4186.jpg,2.838053205778124e-06,0,cats
/sda1_mount/lxy/Cat_Dog_Classification/dataset/test/cats/cat.4187.jpg,2.1116628090567247e-07,0,cats
/sda1_mount/lxy/Cat_Dog_Classification/dataset/test/cats/cat.4188.jpg,1.0589772500679828e-05,0,cats
/sda1_mount/lxy/Cat_Dog_Classification/dataset/test/cats/cat.4189.jpg,0.0011975590605288744,0,cats
/sda1_mount/lxy/Cat_Dog_Classification/dataset/test/cats/cat.4190.jpg,0.6046648025512695,1,dogs
/sda1_mount/lxy/Cat_Dog_Classification/dataset/test/cats/cat.4191.jpg,0.518118679523468,1,dogs
/sda1_mount/lxy/Cat_Dog_Classification/dataset/test/cats/cat.4192.jpg,0.005850715097039938,0,cats
/sda1_mount/lxy/Cat_Dog_Classification/dataset/test/cats/cat.4193.jpg,0.0120301004499197,0,cats
/sda1_mount/lxy/Cat_Dog_Classification/dataset/test/cats/cat.4194.jpg,0.0008326445240527391,0,cats
/sda1_mount/lxy/Cat_Dog_Classification/dataset/test/cats/cat.4195.jpg,0.16653874516487122,0,cats
/sda1_mount/lxy/Cat_Dog_Classification/dataset/test/cats/cat.4196.jpg,0.04588231444358826,0,cats
/sda1_mount/lxy/Cat_Dog_Classification/dataset/test/cats/cat.4197.jpg,0.678813099861145,1,dogs
/sda1_mount/lxy/Cat_Dog_Classification/dataset/test/cats/cat.4198.jpg,0.39479145407676697,0,cats
/sda1_mount/lxy/Cat_Dog_Classification/dataset/test/cats/cat.4199.jpg,0.10709263384342194,0,cats
/sda1_mount/lxy/Cat_Dog_Classification/dataset/test/cats/cat.4200.jpg,0.0021749630104750395,0,cats
/sda1_mount/lxy/Cat_Dog_Classification/dataset/test/cats/cat.4201.jpg,7.282733804458985e-06,0,cats
/sda1_mount/lxy/Cat_Dog_Classification/dataset/test/cats/cat.4202.jpg,0.007483679801225662,0,cats
/sda1_mount/lxy/Cat_Dog_Classification/dataset/test/cats/cat.4203.jpg,0.10202814638614655,0,cats
/sda1_mount/lxy/Cat_Dog_Classification/dataset/test/cats/cat.4204.jpg,0.000664867868181318,0,cats
/sda1_mount/lxy/Cat_Dog_Classification/dataset/test/cats/cat.4205.jpg,0.015773238614201546,0,cats
/sda1_mount/lxy/Cat_Dog_Classification/dataset/test/cats/cat.4206.jpg,0.00424237921833992,0,cats
/sda1_mount/lxy/Cat_Dog_Classification/dataset/test/cats/cat.4207.jpg,0.6623479723930359,1,dogs
/sda1_mount/lxy/Cat_Dog_Classification/dataset/test/cats/cat.4208.jpg,0.05543704703450203,0,cats
/sda1_mount/lxy/Cat_Dog_Classification/dataset/test/cats/cat.4209.jpg,2.917633537435904e-05,0,cats
/sda1_mount/lxy/Cat_Dog_Classification/dataset/test/cats/cat.4210.jpg,0.02132834494113922,0,cats
/sda1_mount/lxy/Cat_Dog_Classification/dataset/test/cats/cat.4211.jpg,0.9480758309364319,1,dogs
/sda1_mount/lxy/Cat_Dog_Classification/dataset/test/cats/cat.4212.jpg,0.03433631733059883,0,cats
/sda1_mount/lxy/Cat_Dog_Classification/dataset/test/cats/cat.4213.jpg,1.500329926784616e-05,0,cats
/sda1_mount/lxy/Cat_Dog_Classification/dataset/test/cats/cat.4214.jpg,0.9534751772880554,1,dogs
/sda1_mount/lxy/Cat_Dog_Classification/dataset/test/cats/cat.4215.jpg,0.0033401339314877987,0,cats
/sda1_mount/lxy/Cat_Dog_Classification/dataset/test/cats/cat.4216.jpg,0.08198179304599762,0,cats
/sda1_mount/lxy/Cat_Dog_Classification/dataset/test/cats/cat.4217.jpg,7.294624083442613e-05,0,cats
/sda1_mount/lxy/Cat_Dog_Classification/dataset/test/cats/cat.4218.jpg,0.3164440393447876,0,cats
/sda1_mount/lxy/Cat_Dog_Classification/dataset/test/cats/cat.4219.jpg,5.332268756319536e-06,0,cats
/sda1_mount/lxy/Cat_Dog_Classification/dataset/test/cats/cat.4220.jpg,0.536918580532074,1,dogs
/sda1_mount/lxy/Cat_Dog_Classification/dataset/test/cats/cat.4221.jpg,0.00012257554044481367,0,cats
/sda1_mount/lxy/Cat_Dog_Classification/dataset/test/cats/cat.4222.jpg,0.5038824677467346,1,dogs
/sda1_mount/lxy/Cat_Dog_Classification/dataset/test/cats/cat.4223.jpg,0.014742680825293064,0,cats
/sda1_mount/lxy/Cat_Dog_Classification/dataset/test/cats/cat.4224.jpg,0.0005247569060884416,0,cats
/sda1_mount/lxy/Cat_Dog_Classification/dataset/test/cats/cat.4225.jpg,0.9172148108482361,1,dogs
/sda1_mount/lxy/Cat_Dog_Classification/dataset/test/cats/cat.4226.jpg,0.43403497338294983,0,cats
/sda1_mount/lxy/Cat_Dog_Classification/dataset/test/cats/cat.4227.jpg,0.36600592732429504,0,cats
/sda1_mount/lxy/Cat_Dog_Classification/dataset/test/cats/cat.4228.jpg,0.28325316309928894,0,cats
/sda1_mount/lxy/Cat_Dog_Classification/dataset/test/cats/cat.4229.jpg,0.001801718957722187,0,cats
/sda1_mount/lxy/Cat_Dog_Classification/dataset/test/cats/cat.4230.jpg,0.03349708765745163,0,cats
/sda1_mount/lxy/Cat_Dog_Classification/dataset/test/cats/cat.4231.jpg,0.6910064220428467,1,dogs
/sda1_mount/lxy/Cat_Dog_Classification/dataset/test/cats/cat.4232.jpg,0.4371111989021301,0,cats
/sda1_mount/lxy/Cat_Dog_Classification/dataset/test/cats/cat.4233.jpg,0.12353477627038956,0,cats
/sda1_mount/lxy/Cat_Dog_Classification/dataset/test/cats/cat.4234.jpg,0.9051278233528137,1,dogs
/sda1_mount/lxy/Cat_Dog_Classification/dataset/test/cats/cat.4235.jpg,0.006091401446610689,0,cats
/sda1_mount/lxy/Cat_Dog_Classification/dataset/test/cats/cat.4236.jpg,0.05207866430282593,0,cats
/sda1_mount/lxy/Cat_Dog_Classification/dataset/test/cats/cat.4237.jpg,0.009900405071675777,0,cats
/sda1_mount/lxy/Cat_Dog_Classification/dataset/test/cats/cat.4238.jpg,0.09103845059871674,0,cats
/sda1_mount/lxy/Cat_Dog_Classification/dataset/test/cats/cat.4239.jpg,0.005549327470362186,0,cats
/sda1_mount/lxy/Cat_Dog_Classification/dataset/test/cats/cat.4240.jpg,0.01801346428692341,0,cats
/sda1_mount/lxy/Cat_Dog_Classification/dataset/test/cats/cat.4241.jpg,0.0079284543171525,0,cats
/sda1_mount/lxy/Cat_Dog_Classification/dataset/test/cats/cat.4242.jpg,0.0005076010129414499,0,cats
/sda1_mount/lxy/Cat_Dog_Classification/dataset/test/cats/cat.4243.jpg,0.001543708029203117,0,cats
/sda1_mount/lxy/Cat_Dog_Classification/dataset/test/cats/cat.4244.jpg,0.00017904213746078312,0,cats
/sda1_mount/lxy/Cat_Dog_Classification/dataset/test/cats/cat.4245.jpg,0.08512408286333084,0,cats
/sda1_mount/lxy/Cat_Dog_Classification/dataset/test/cats/cat.4246.jpg,3.7055492612125818e-06,0,cats
/sda1_mount/lxy/Cat_Dog_Classification/dataset/test/cats/cat.4247.jpg,0.0791592076420784,0,cats
/sda1_mount/lxy/Cat_Dog_Classification/dataset/test/cats/cat.4248.jpg,0.0016783622559159994,0,cats
/sda1_mount/lxy/Cat_Dog_Classification/dataset/test/cats/cat.4249.jpg,0.27145686745643616,0,cats
/sda1_mount/lxy/Cat_Dog_Classification/dataset/test/cats/cat.4250.jpg,0.008032381534576416,0,cats
/sda1_mount/lxy/Cat_Dog_Classification/dataset/test/cats/cat.4251.jpg,5.684439747710712e-05,0,cats
/sda1_mount/lxy/Cat_Dog_Classification/dataset/test/cats/cat.4252.jpg,0.05393645167350769,0,cats
/sda1_mount/lxy/Cat_Dog_Classification/dataset/test/cats/cat.4253.jpg,0.0005000474047847092,0,cats
/sda1_mount/lxy/Cat_Dog_Classification/dataset/test/cats/cat.4254.jpg,0.10109560191631317,0,cats
/sda1_mount/lxy/Cat_Dog_Classification/dataset/test/cats/cat.4255.jpg,0.0023986550513654947,0,cats
/sda1_mount/lxy/Cat_Dog_Classification/dataset/test/cats/cat.4256.jpg,0.2617241442203522,0,cats
/sda1_mount/lxy/Cat_Dog_Classification/dataset/test/cats/cat.4257.jpg,2.662425458765938e-06,0,cats
/sda1_mount/lxy/Cat_Dog_Classification/dataset/test/cats/cat.4258.jpg,0.27806949615478516,0,cats
/sda1_mount/lxy/Cat_Dog_Classification/dataset/test/cats/cat.4259.jpg,1.7821757865021937e-06,0,cats
/sda1_mount/lxy/Cat_Dog_Classification/dataset/test/cats/cat.4260.jpg,0.00012460855941753834,0,cats
/sda1_mount/lxy/Cat_Dog_Classification/dataset/test/cats/cat.4261.jpg,0.7619277834892273,1,dogs
/sda1_mount/lxy/Cat_Dog_Classification/dataset/test/cats/cat.4262.jpg,0.009928761050105095,0,cats
/sda1_mount/lxy/Cat_Dog_Classification/dataset/test/cats/cat.4263.jpg,0.00037677865475416183,0,cats
/sda1_mount/lxy/Cat_Dog_Classification/dataset/test/cats/cat.4264.jpg,0.0176936574280262,0,cats
/sda1_mount/lxy/Cat_Dog_Classification/dataset/test/cats/cat.4265.jpg,0.002420136472210288,0,cats
/sda1_mount/lxy/Cat_Dog_Classification/dataset/test/cats/cat.4266.jpg,0.029460323974490166,0,cats
/sda1_mount/lxy/Cat_Dog_Classification/dataset/test/cats/cat.4267.jpg,0.0036546564660966396,0,cats
/sda1_mount/lxy/Cat_Dog_Classification/dataset/test/cats/cat.4268.jpg,0.7376871705055237,1,dogs
/sda1_mount/lxy/Cat_Dog_Classification/dataset/test/cats/cat.4269.jpg,8.983271982287988e-05,0,cats
/sda1_mount/lxy/Cat_Dog_Classification/dataset/test/cats/cat.4270.jpg,0.10204199701547623,0,cats
/sda1_mount/lxy/Cat_Dog_Classification/dataset/test/cats/cat.4271.jpg,0.01626371592283249,0,cats
/sda1_mount/lxy/Cat_Dog_Classification/dataset/test/cats/cat.4272.jpg,0.8437352180480957,1,dogs
/sda1_mount/lxy/Cat_Dog_Classification/dataset/test/cats/cat.4273.jpg,0.13302357494831085,0,cats
/sda1_mount/lxy/Cat_Dog_Classification/dataset/test/cats/cat.4274.jpg,4.2246167140547186e-05,0,cats
/sda1_mount/lxy/Cat_Dog_Classification/dataset/test/cats/cat.4275.jpg,0.04154198616743088,0,cats
/sda1_mount/lxy/Cat_Dog_Classification/dataset/test/cats/cat.4276.jpg,4.022203938802704e-06,0,cats
/sda1_mount/lxy/Cat_Dog_Classification/dataset/test/cats/cat.4277.jpg,0.002534986939281225,0,cats
/sda1_mount/lxy/Cat_Dog_Classification/dataset/test/cats/cat.4278.jpg,0.09864449501037598,0,cats
/sda1_mount/lxy/Cat_Dog_Classification/dataset/test/cats/cat.4279.jpg,0.6902912259101868,1,dogs
/sda1_mount/lxy/Cat_Dog_Classification/dataset/test/cats/cat.4280.jpg,0.002849374432116747,0,cats
/sda1_mount/lxy/Cat_Dog_Classification/dataset/test/cats/cat.4281.jpg,0.054418858140707016,0,cats
/sda1_mount/lxy/Cat_Dog_Classification/dataset/test/cats/cat.4282.jpg,0.01573905348777771,0,cats
/sda1_mount/lxy/Cat_Dog_Classification/dataset/test/cats/cat.4283.jpg,0.4450914263725281,0,cats
/sda1_mount/lxy/Cat_Dog_Classification/dataset/test/cats/cat.4284.jpg,0.008879550732672215,0,cats
/sda1_mount/lxy/Cat_Dog_Classification/dataset/test/cats/cat.4285.jpg,0.013739224523305893,0,cats
/sda1_mount/lxy/Cat_Dog_Classification/dataset/test/cats/cat.4286.jpg,0.00746193528175354,0,cats
/sda1_mount/lxy/Cat_Dog_Classification/dataset/test/cats/cat.4287.jpg,0.43262144923210144,0,cats
/sda1_mount/lxy/Cat_Dog_Classification/dataset/test/cats/cat.4288.jpg,0.012359186075627804,0,cats
/sda1_mount/lxy/Cat_Dog_Classification/dataset/test/cats/cat.4289.jpg,1.2758227967424318e-05,0,cats
/sda1_mount/lxy/Cat_Dog_Classification/dataset/test/cats/cat.4290.jpg,0.00013594685879070312,0,cats
/sda1_mount/lxy/Cat_Dog_Classification/dataset/test/cats/cat.4291.jpg,0.0011093545472249389,0,cats
/sda1_mount/lxy/Cat_Dog_Classification/dataset/test/cats/cat.4292.jpg,0.001824172679334879,0,cats
/sda1_mount/lxy/Cat_Dog_Classification/dataset/test/cats/cat.4293.jpg,0.14784342050552368,0,cats
/sda1_mount/lxy/Cat_Dog_Classification/dataset/test/cats/cat.4294.jpg,2.9060125598334707e-05,0,cats
/sda1_mount/lxy/Cat_Dog_Classification/dataset/test/cats/cat.4295.jpg,0.672232985496521,1,dogs
/sda1_mount/lxy/Cat_Dog_Classification/dataset/test/cats/cat.4296.jpg,0.019531162455677986,0,cats
/sda1_mount/lxy/Cat_Dog_Classification/dataset/test/cats/cat.4297.jpg,0.02935505285859108,0,cats
/sda1_mount/lxy/Cat_Dog_Classification/dataset/test/cats/cat.4298.jpg,0.008384480141103268,0,cats
/sda1_mount/lxy/Cat_Dog_Classification/dataset/test/cats/cat.4299.jpg,0.020257528871297836,0,cats
/sda1_mount/lxy/Cat_Dog_Classification/dataset/test/cats/cat.4300.jpg,7.645484743079578e-07,0,cats
/sda1_mount/lxy/Cat_Dog_Classification/dataset/test/cats/cat.4301.jpg,0.968282163143158,1,dogs
/sda1_mount/lxy/Cat_Dog_Classification/dataset/test/cats/cat.4302.jpg,2.0460181985981762e-05,0,cats
/sda1_mount/lxy/Cat_Dog_Classification/dataset/test/cats/cat.4303.jpg,0.00010210192704107612,0,cats
/sda1_mount/lxy/Cat_Dog_Classification/dataset/test/cats/cat.4304.jpg,0.004106825217604637,0,cats
/sda1_mount/lxy/Cat_Dog_Classification/dataset/test/cats/cat.4305.jpg,0.024189935997128487,0,cats
/sda1_mount/lxy/Cat_Dog_Classification/dataset/test/cats/cat.4306.jpg,0.0017302255146205425,0,cats
/sda1_mount/lxy/Cat_Dog_Classification/dataset/test/cats/cat.4307.jpg,9.990427152217762e-09,0,cats
/sda1_mount/lxy/Cat_Dog_Classification/dataset/test/cats/cat.4308.jpg,0.8714463710784912,1,dogs
/sda1_mount/lxy/Cat_Dog_Classification/dataset/test/cats/cat.4309.jpg,0.23738667368888855,0,cats
/sda1_mount/lxy/Cat_Dog_Classification/dataset/test/cats/cat.4310.jpg,0.01020948775112629,0,cats
/sda1_mount/lxy/Cat_Dog_Classification/dataset/test/cats/cat.4311.jpg,0.03130663186311722,0,cats
/sda1_mount/lxy/Cat_Dog_Classification/dataset/test/cats/cat.4312.jpg,4.491184517974034e-05,0,cats
/sda1_mount/lxy/Cat_Dog_Classification/dataset/test/cats/cat.4313.jpg,0.00010238758841296658,0,cats
/sda1_mount/lxy/Cat_Dog_Classification/dataset/test/cats/cat.4314.jpg,0.00235218764282763,0,cats
/sda1_mount/lxy/Cat_Dog_Classification/dataset/test/cats/cat.4315.jpg,0.020385775715112686,0,cats
/sda1_mount/lxy/Cat_Dog_Classification/dataset/test/cats/cat.4316.jpg,0.08766692876815796,0,cats
/sda1_mount/lxy/Cat_Dog_Classification/dataset/test/cats/cat.4317.jpg,0.08310738205909729,0,cats
/sda1_mount/lxy/Cat_Dog_Classification/dataset/test/cats/cat.4318.jpg,0.45885229110717773,0,cats
/sda1_mount/lxy/Cat_Dog_Classification/dataset/test/cats/cat.4319.jpg,0.00418822979554534,0,cats
/sda1_mount/lxy/Cat_Dog_Classification/dataset/test/cats/cat.4320.jpg,0.0001666894822847098,0,cats
/sda1_mount/lxy/Cat_Dog_Classification/dataset/test/cats/cat.4321.jpg,0.004945195280015469,0,cats
/sda1_mount/lxy/Cat_Dog_Classification/dataset/test/cats/cat.4322.jpg,0.0013034372823312879,0,cats
/sda1_mount/lxy/Cat_Dog_Classification/dataset/test/cats/cat.4323.jpg,0.00011900576646439731,0,cats
/sda1_mount/lxy/Cat_Dog_Classification/dataset/test/cats/cat.4324.jpg,4.022862049168907e-05,0,cats
/sda1_mount/lxy/Cat_Dog_Classification/dataset/test/cats/cat.4325.jpg,0.18581096827983856,0,cats
/sda1_mount/lxy/Cat_Dog_Classification/dataset/test/cats/cat.4326.jpg,0.14907638728618622,0,cats
/sda1_mount/lxy/Cat_Dog_Classification/dataset/test/cats/cat.4327.jpg,0.0019272600766271353,0,cats
/sda1_mount/lxy/Cat_Dog_Classification/dataset/test/cats/cat.4328.jpg,0.019573090597987175,0,cats
/sda1_mount/lxy/Cat_Dog_Classification/dataset/test/cats/cat.4329.jpg,0.04209050536155701,0,cats
/sda1_mount/lxy/Cat_Dog_Classification/dataset/test/cats/cat.4330.jpg,0.0004366622888483107,0,cats
/sda1_mount/lxy/Cat_Dog_Classification/dataset/test/cats/cat.4331.jpg,0.06838483363389969,0,cats
/sda1_mount/lxy/Cat_Dog_Classification/dataset/test/cats/cat.4332.jpg,0.00015015591634437442,0,cats
/sda1_mount/lxy/Cat_Dog_Classification/dataset/test/cats/cat.4333.jpg,0.01750928722321987,0,cats
/sda1_mount/lxy/Cat_Dog_Classification/dataset/test/cats/cat.4334.jpg,0.05012603849172592,0,cats
/sda1_mount/lxy/Cat_Dog_Classification/dataset/test/cats/cat.4335.jpg,0.20301827788352966,0,cats
/sda1_mount/lxy/Cat_Dog_Classification/dataset/test/cats/cat.4336.jpg,7.226585148600861e-05,0,cats
/sda1_mount/lxy/Cat_Dog_Classification/dataset/test/cats/cat.4337.jpg,0.630443274974823,1,dogs
/sda1_mount/lxy/Cat_Dog_Classification/dataset/test/cats/cat.4338.jpg,0.6833672523498535,1,dogs
/sda1_mount/lxy/Cat_Dog_Classification/dataset/test/cats/cat.4339.jpg,0.03974432498216629,0,cats
/sda1_mount/lxy/Cat_Dog_Classification/dataset/test/cats/cat.4340.jpg,2.3661286832066253e-05,0,cats
/sda1_mount/lxy/Cat_Dog_Classification/dataset/test/cats/cat.4341.jpg,0.00042233552085235715,0,cats
/sda1_mount/lxy/Cat_Dog_Classification/dataset/test/cats/cat.4342.jpg,0.001075970707461238,0,cats
/sda1_mount/lxy/Cat_Dog_Classification/dataset/test/cats/cat.4343.jpg,0.035990841686725616,0,cats
/sda1_mount/lxy/Cat_Dog_Classification/dataset/test/cats/cat.4344.jpg,0.02348523959517479,0,cats
/sda1_mount/lxy/Cat_Dog_Classification/dataset/test/cats/cat.4345.jpg,3.013172772625694e-06,0,cats
/sda1_mount/lxy/Cat_Dog_Classification/dataset/test/cats/cat.4346.jpg,0.9800174236297607,1,dogs
/sda1_mount/lxy/Cat_Dog_Classification/dataset/test/cats/cat.4347.jpg,0.8993346691131592,1,dogs
/sda1_mount/lxy/Cat_Dog_Classification/dataset/test/cats/cat.4348.jpg,0.9424259662628174,1,dogs
/sda1_mount/lxy/Cat_Dog_Classification/dataset/test/cats/cat.4349.jpg,0.17677530646324158,0,cats
/sda1_mount/lxy/Cat_Dog_Classification/dataset/test/cats/cat.4350.jpg,0.005622382275760174,0,cats
/sda1_mount/lxy/Cat_Dog_Classification/dataset/test/cats/cat.4351.jpg,0.05207793414592743,0,cats
/sda1_mount/lxy/Cat_Dog_Classification/dataset/test/cats/cat.4352.jpg,0.00041175427031703293,0,cats
/sda1_mount/lxy/Cat_Dog_Classification/dataset/test/cats/cat.4353.jpg,0.20609150826931,0,cats
/sda1_mount/lxy/Cat_Dog_Classification/dataset/test/cats/cat.4354.jpg,0.03869758918881416,0,cats
/sda1_mount/lxy/Cat_Dog_Classification/dataset/test/cats/cat.4355.jpg,0.0002678600139915943,0,cats
/sda1_mount/lxy/Cat_Dog_Classification/dataset/test/cats/cat.4356.jpg,0.00044626538874581456,0,cats
/sda1_mount/lxy/Cat_Dog_Classification/dataset/test/cats/cat.4357.jpg,0.2655266225337982,0,cats
/sda1_mount/lxy/Cat_Dog_Classification/dataset/test/cats/cat.4358.jpg,1.3560968454839895e-06,0,cats
/sda1_mount/lxy/Cat_Dog_Classification/dataset/test/cats/cat.4359.jpg,0.035953179001808167,0,cats
/sda1_mount/lxy/Cat_Dog_Classification/dataset/test/cats/cat.4360.jpg,0.6978018879890442,1,dogs
/sda1_mount/lxy/Cat_Dog_Classification/dataset/test/cats/cat.4361.jpg,4.711461588158272e-05,0,cats
/sda1_mount/lxy/Cat_Dog_Classification/dataset/test/cats/cat.4362.jpg,0.019603274762630463,0,cats
/sda1_mount/lxy/Cat_Dog_Classification/dataset/test/cats/cat.4363.jpg,0.00027550230151973665,0,cats
/sda1_mount/lxy/Cat_Dog_Classification/dataset/test/cats/cat.4364.jpg,0.0028694430366158485,0,cats
/sda1_mount/lxy/Cat_Dog_Classification/dataset/test/cats/cat.4365.jpg,0.3771940767765045,0,cats
/sda1_mount/lxy/Cat_Dog_Classification/dataset/test/cats/cat.4366.jpg,0.31481775641441345,0,cats
/sda1_mount/lxy/Cat_Dog_Classification/dataset/test/cats/cat.4367.jpg,0.0032896941993385553,0,cats
/sda1_mount/lxy/Cat_Dog_Classification/dataset/test/cats/cat.4368.jpg,0.00045663982746191323,0,cats
/sda1_mount/lxy/Cat_Dog_Classification/dataset/test/cats/cat.4369.jpg,0.00016228995809797198,0,cats
/sda1_mount/lxy/Cat_Dog_Classification/dataset/test/cats/cat.4370.jpg,0.17304565012454987,0,cats
/sda1_mount/lxy/Cat_Dog_Classification/dataset/test/cats/cat.4371.jpg,0.0022947872057557106,0,cats
/sda1_mount/lxy/Cat_Dog_Classification/dataset/test/cats/cat.4372.jpg,4.9213402235182e-05,0,cats
/sda1_mount/lxy/Cat_Dog_Classification/dataset/test/cats/cat.4373.jpg,0.07913091033697128,0,cats
/sda1_mount/lxy/Cat_Dog_Classification/dataset/test/cats/cat.4374.jpg,0.93619704246521,1,dogs
/sda1_mount/lxy/Cat_Dog_Classification/dataset/test/cats/cat.4375.jpg,0.00022240150428842753,0,cats
/sda1_mount/lxy/Cat_Dog_Classification/dataset/test/cats/cat.4376.jpg,0.04300365597009659,0,cats
/sda1_mount/lxy/Cat_Dog_Classification/dataset/test/cats/cat.4377.jpg,0.1697741150856018,0,cats
/sda1_mount/lxy/Cat_Dog_Classification/dataset/test/cats/cat.4378.jpg,0.02025478519499302,0,cats
/sda1_mount/lxy/Cat_Dog_Classification/dataset/test/cats/cat.4379.jpg,0.05640922859311104,0,cats
/sda1_mount/lxy/Cat_Dog_Classification/dataset/test/cats/cat.4380.jpg,0.895087718963623,1,dogs
/sda1_mount/lxy/Cat_Dog_Classification/dataset/test/cats/cat.4381.jpg,7.918327355582733e-06,0,cats
/sda1_mount/lxy/Cat_Dog_Classification/dataset/test/cats/cat.4382.jpg,0.010038219392299652,0,cats
/sda1_mount/lxy/Cat_Dog_Classification/dataset/test/cats/cat.4383.jpg,0.06014233082532883,0,cats
/sda1_mount/lxy/Cat_Dog_Classification/dataset/test/cats/cat.4384.jpg,0.025492798537015915,0,cats
/sda1_mount/lxy/Cat_Dog_Classification/dataset/test/cats/cat.4385.jpg,0.0004020314081571996,0,cats
/sda1_mount/lxy/Cat_Dog_Classification/dataset/test/cats/cat.4386.jpg,0.00013139614020474255,0,cats
/sda1_mount/lxy/Cat_Dog_Classification/dataset/test/cats/cat.4387.jpg,0.05346778780221939,0,cats
/sda1_mount/lxy/Cat_Dog_Classification/dataset/test/cats/cat.4388.jpg,0.023807674646377563,0,cats
/sda1_mount/lxy/Cat_Dog_Classification/dataset/test/cats/cat.4389.jpg,0.025947047397494316,0,cats
/sda1_mount/lxy/Cat_Dog_Classification/dataset/test/cats/cat.4390.jpg,0.00459873303771019,0,cats
/sda1_mount/lxy/Cat_Dog_Classification/dataset/test/cats/cat.4391.jpg,0.26433196663856506,0,cats
/sda1_mount/lxy/Cat_Dog_Classification/dataset/test/cats/cat.4392.jpg,0.9779480695724487,1,dogs
/sda1_mount/lxy/Cat_Dog_Classification/dataset/test/cats/cat.4393.jpg,0.05912746861577034,0,cats
/sda1_mount/lxy/Cat_Dog_Classification/dataset/test/cats/cat.4394.jpg,0.8587347269058228,1,dogs
/sda1_mount/lxy/Cat_Dog_Classification/dataset/test/cats/cat.4395.jpg,0.0009107587393373251,0,cats
/sda1_mount/lxy/Cat_Dog_Classification/dataset/test/cats/cat.4396.jpg,0.09298231452703476,0,cats
/sda1_mount/lxy/Cat_Dog_Classification/dataset/test/cats/cat.4397.jpg,0.025688650086522102,0,cats
/sda1_mount/lxy/Cat_Dog_Classification/dataset/test/cats/cat.4398.jpg,0.12726764380931854,0,cats
/sda1_mount/lxy/Cat_Dog_Classification/dataset/test/cats/cat.4399.jpg,0.0010273443767800927,0,cats
/sda1_mount/lxy/Cat_Dog_Classification/dataset/test/cats/cat.4400.jpg,7.468229057394637e-08,0,cats
/sda1_mount/lxy/Cat_Dog_Classification/dataset/test/cats/cat.4401.jpg,0.704531729221344,1,dogs
/sda1_mount/lxy/Cat_Dog_Classification/dataset/test/cats/cat.4402.jpg,0.0023824209347367287,0,cats
/sda1_mount/lxy/Cat_Dog_Classification/dataset/test/cats/cat.4403.jpg,0.0011525825830176473,0,cats
/sda1_mount/lxy/Cat_Dog_Classification/dataset/test/cats/cat.4404.jpg,0.9957380294799805,1,dogs
/sda1_mount/lxy/Cat_Dog_Classification/dataset/test/cats/cat.4405.jpg,0.6210353374481201,1,dogs
/sda1_mount/lxy/Cat_Dog_Classification/dataset/test/cats/cat.4406.jpg,0.06828700751066208,0,cats
/sda1_mount/lxy/Cat_Dog_Classification/dataset/test/cats/cat.4407.jpg,6.162896397654549e-07,0,cats
/sda1_mount/lxy/Cat_Dog_Classification/dataset/test/cats/cat.4408.jpg,6.141532594483579e-06,0,cats
/sda1_mount/lxy/Cat_Dog_Classification/dataset/test/cats/cat.4409.jpg,0.14766250550746918,0,cats
/sda1_mount/lxy/Cat_Dog_Classification/dataset/test/cats/cat.4410.jpg,3.320681571494788e-05,0,cats
/sda1_mount/lxy/Cat_Dog_Classification/dataset/test/cats/cat.4411.jpg,0.19470421969890594,0,cats
/sda1_mount/lxy/Cat_Dog_Classification/dataset/test/cats/cat.4412.jpg,0.03556670993566513,0,cats
/sda1_mount/lxy/Cat_Dog_Classification/dataset/test/cats/cat.4413.jpg,0.0950939953327179,0,cats
/sda1_mount/lxy/Cat_Dog_Classification/dataset/test/cats/cat.4414.jpg,3.2061358069768175e-05,0,cats
/sda1_mount/lxy/Cat_Dog_Classification/dataset/test/cats/cat.4415.jpg,0.7389689683914185,1,dogs
/sda1_mount/lxy/Cat_Dog_Classification/dataset/test/cats/cat.4416.jpg,0.022075863555073738,0,cats
/sda1_mount/lxy/Cat_Dog_Classification/dataset/test/cats/cat.4417.jpg,0.0032596224918961525,0,cats
/sda1_mount/lxy/Cat_Dog_Classification/dataset/test/cats/cat.4418.jpg,0.10868912190198898,0,cats
/sda1_mount/lxy/Cat_Dog_Classification/dataset/test/cats/cat.4419.jpg,0.004429221153259277,0,cats
/sda1_mount/lxy/Cat_Dog_Classification/dataset/test/cats/cat.4420.jpg,0.1416265070438385,0,cats
/sda1_mount/lxy/Cat_Dog_Classification/dataset/test/cats/cat.4421.jpg,0.00019533095473889261,0,cats
/sda1_mount/lxy/Cat_Dog_Classification/dataset/test/cats/cat.4422.jpg,0.00037329652695916593,0,cats
/sda1_mount/lxy/Cat_Dog_Classification/dataset/test/cats/cat.4423.jpg,0.038593314588069916,0,cats
/sda1_mount/lxy/Cat_Dog_Classification/dataset/test/cats/cat.4424.jpg,0.5282993912696838,1,dogs
/sda1_mount/lxy/Cat_Dog_Classification/dataset/test/cats/cat.4425.jpg,0.0790216475725174,0,cats
/sda1_mount/lxy/Cat_Dog_Classification/dataset/test/cats/cat.4426.jpg,0.0004240585258230567,0,cats
/sda1_mount/lxy/Cat_Dog_Classification/dataset/test/cats/cat.4427.jpg,0.37447959184646606,0,cats
/sda1_mount/lxy/Cat_Dog_Classification/dataset/test/cats/cat.4428.jpg,0.14833232760429382,0,cats
/sda1_mount/lxy/Cat_Dog_Classification/dataset/test/cats/cat.4429.jpg,0.0012219423661008477,0,cats
/sda1_mount/lxy/Cat_Dog_Classification/dataset/test/cats/cat.4430.jpg,0.0012263638200238347,0,cats
/sda1_mount/lxy/Cat_Dog_Classification/dataset/test/cats/cat.4431.jpg,0.0005936051602475345,0,cats
/sda1_mount/lxy/Cat_Dog_Classification/dataset/test/cats/cat.4432.jpg,0.08714421093463898,0,cats
/sda1_mount/lxy/Cat_Dog_Classification/dataset/test/cats/cat.4433.jpg,0.0523546040058136,0,cats
/sda1_mount/lxy/Cat_Dog_Classification/dataset/test/cats/cat.4434.jpg,0.0003611569991335273,0,cats
/sda1_mount/lxy/Cat_Dog_Classification/dataset/test/cats/cat.4435.jpg,0.02474987879395485,0,cats
/sda1_mount/lxy/Cat_Dog_Classification/dataset/test/cats/cat.4436.jpg,0.0016088323900476098,0,cats
/sda1_mount/lxy/Cat_Dog_Classification/dataset/test/cats/cat.4437.jpg,0.08561436086893082,0,cats
/sda1_mount/lxy/Cat_Dog_Classification/dataset/test/cats/cat.4438.jpg,0.04483678191900253,0,cats
/sda1_mount/lxy/Cat_Dog_Classification/dataset/test/cats/cat.4439.jpg,0.012766866013407707,0,cats
/sda1_mount/lxy/Cat_Dog_Classification/dataset/test/cats/cat.4440.jpg,0.26116058230400085,0,cats
/sda1_mount/lxy/Cat_Dog_Classification/dataset/test/cats/cat.4441.jpg,0.38088858127593994,0,cats
/sda1_mount/lxy/Cat_Dog_Classification/dataset/test/cats/cat.4442.jpg,0.17009954154491425,0,cats
/sda1_mount/lxy/Cat_Dog_Classification/dataset/test/cats/cat.4443.jpg,0.00036146322963759303,0,cats
/sda1_mount/lxy/Cat_Dog_Classification/dataset/test/cats/cat.4444.jpg,0.14496001601219177,0,cats
/sda1_mount/lxy/Cat_Dog_Classification/dataset/test/cats/cat.4445.jpg,0.001303318189457059,0,cats
/sda1_mount/lxy/Cat_Dog_Classification/dataset/test/cats/cat.4446.jpg,0.0007412006380036473,0,cats
/sda1_mount/lxy/Cat_Dog_Classification/dataset/test/cats/cat.4447.jpg,0.06070795655250549,0,cats
/sda1_mount/lxy/Cat_Dog_Classification/dataset/test/cats/cat.4448.jpg,0.009775462560355663,0,cats
/sda1_mount/lxy/Cat_Dog_Classification/dataset/test/cats/cat.4449.jpg,0.00044347241055220366,0,cats
/sda1_mount/lxy/Cat_Dog_Classification/dataset/test/cats/cat.4450.jpg,0.08910699188709259,0,cats
/sda1_mount/lxy/Cat_Dog_Classification/dataset/test/cats/cat.4451.jpg,0.5111931562423706,1,dogs
/sda1_mount/lxy/Cat_Dog_Classification/dataset/test/cats/cat.4452.jpg,0.26144886016845703,0,cats
/sda1_mount/lxy/Cat_Dog_Classification/dataset/test/cats/cat.4453.jpg,0.1763615757226944,0,cats
/sda1_mount/lxy/Cat_Dog_Classification/dataset/test/cats/cat.4454.jpg,0.0002229307865491137,0,cats
/sda1_mount/lxy/Cat_Dog_Classification/dataset/test/cats/cat.4455.jpg,0.26313158869743347,0,cats
/sda1_mount/lxy/Cat_Dog_Classification/dataset/test/cats/cat.4456.jpg,0.03203160688281059,0,cats
/sda1_mount/lxy/Cat_Dog_Classification/dataset/test/cats/cat.4457.jpg,0.20329540967941284,0,cats
/sda1_mount/lxy/Cat_Dog_Classification/dataset/test/cats/cat.4458.jpg,0.008375216275453568,0,cats
/sda1_mount/lxy/Cat_Dog_Classification/dataset/test/cats/cat.4459.jpg,0.00037927046651020646,0,cats
/sda1_mount/lxy/Cat_Dog_Classification/dataset/test/cats/cat.4460.jpg,0.0001733775861794129,0,cats
/sda1_mount/lxy/Cat_Dog_Classification/dataset/test/cats/cat.4461.jpg,0.596721887588501,1,dogs
/sda1_mount/lxy/Cat_Dog_Classification/dataset/test/cats/cat.4462.jpg,0.02155139110982418,0,cats
/sda1_mount/lxy/Cat_Dog_Classification/dataset/test/cats/cat.4463.jpg,1.0988843314407859e-05,0,cats
/sda1_mount/lxy/Cat_Dog_Classification/dataset/test/cats/cat.4464.jpg,0.0005147502524778247,0,cats
/sda1_mount/lxy/Cat_Dog_Classification/dataset/test/cats/cat.4465.jpg,0.001818177755922079,0,cats
/sda1_mount/lxy/Cat_Dog_Classification/dataset/test/cats/cat.4466.jpg,0.00047854174044914544,0,cats
/sda1_mount/lxy/Cat_Dog_Classification/dataset/test/cats/cat.4467.jpg,0.197886660695076,0,cats
/sda1_mount/lxy/Cat_Dog_Classification/dataset/test/cats/cat.4468.jpg,4.961858212482184e-05,0,cats
/sda1_mount/lxy/Cat_Dog_Classification/dataset/test/cats/cat.4469.jpg,0.043510742485523224,0,cats
/sda1_mount/lxy/Cat_Dog_Classification/dataset/test/cats/cat.4470.jpg,0.12570469081401825,0,cats
/sda1_mount/lxy/Cat_Dog_Classification/dataset/test/cats/cat.4471.jpg,0.1713559478521347,0,cats
/sda1_mount/lxy/Cat_Dog_Classification/dataset/test/cats/cat.4472.jpg,0.3104152977466583,0,cats
/sda1_mount/lxy/Cat_Dog_Classification/dataset/test/cats/cat.4473.jpg,0.015560204163193703,0,cats
/sda1_mount/lxy/Cat_Dog_Classification/dataset/test/cats/cat.4474.jpg,0.791927695274353,1,dogs
/sda1_mount/lxy/Cat_Dog_Classification/dataset/test/cats/cat.4475.jpg,4.40567554660376e-10,0,cats
/sda1_mount/lxy/Cat_Dog_Classification/dataset/test/cats/cat.4476.jpg,0.07291632890701294,0,cats
/sda1_mount/lxy/Cat_Dog_Classification/dataset/test/cats/cat.4477.jpg,0.9333508014678955,1,dogs
/sda1_mount/lxy/Cat_Dog_Classification/dataset/test/cats/cat.4478.jpg,0.5001473426818848,1,dogs
/sda1_mount/lxy/Cat_Dog_Classification/dataset/test/cats/cat.4479.jpg,0.6561787128448486,1,dogs
/sda1_mount/lxy/Cat_Dog_Classification/dataset/test/cats/cat.4480.jpg,0.5151242017745972,1,dogs
/sda1_mount/lxy/Cat_Dog_Classification/dataset/test/cats/cat.4481.jpg,0.00027727175620384514,0,cats
/sda1_mount/lxy/Cat_Dog_Classification/dataset/test/cats/cat.4482.jpg,0.026758376508951187,0,cats
/sda1_mount/lxy/Cat_Dog_Classification/dataset/test/cats/cat.4483.jpg,0.11271055042743683,0,cats
/sda1_mount/lxy/Cat_Dog_Classification/dataset/test/cats/cat.4484.jpg,0.00032908335560932755,0,cats
/sda1_mount/lxy/Cat_Dog_Classification/dataset/test/cats/cat.4485.jpg,0.12234829366207123,0,cats
/sda1_mount/lxy/Cat_Dog_Classification/dataset/test/cats/cat.4486.jpg,0.383724182844162,0,cats
/sda1_mount/lxy/Cat_Dog_Classification/dataset/test/cats/cat.4487.jpg,0.003557799616828561,0,cats
/sda1_mount/lxy/Cat_Dog_Classification/dataset/test/cats/cat.4488.jpg,0.005601522512733936,0,cats
/sda1_mount/lxy/Cat_Dog_Classification/dataset/test/cats/cat.4489.jpg,0.037680428475141525,0,cats
/sda1_mount/lxy/Cat_Dog_Classification/dataset/test/cats/cat.4490.jpg,0.34354883432388306,0,cats
/sda1_mount/lxy/Cat_Dog_Classification/dataset/test/cats/cat.4491.jpg,0.00029429365531541407,0,cats
/sda1_mount/lxy/Cat_Dog_Classification/dataset/test/cats/cat.4492.jpg,0.1520741879940033,0,cats
/sda1_mount/lxy/Cat_Dog_Classification/dataset/test/cats/cat.4493.jpg,0.1693066656589508,0,cats
/sda1_mount/lxy/Cat_Dog_Classification/dataset/test/cats/cat.4494.jpg,0.1763865351676941,0,cats
/sda1_mount/lxy/Cat_Dog_Classification/dataset/test/cats/cat.4495.jpg,0.04037247598171234,0,cats
/sda1_mount/lxy/Cat_Dog_Classification/dataset/test/cats/cat.4496.jpg,0.014382517896592617,0,cats
/sda1_mount/lxy/Cat_Dog_Classification/dataset/test/cats/cat.4497.jpg,0.08737857639789581,0,cats
/sda1_mount/lxy/Cat_Dog_Classification/dataset/test/cats/cat.4498.jpg,0.040879473090171814,0,cats
/sda1_mount/lxy/Cat_Dog_Classification/dataset/test/cats/cat.4499.jpg,0.00019162196258548647,0,cats
/sda1_mount/lxy/Cat_Dog_Classification/dataset/test/cats/cat.4500.jpg,0.5006357431411743,1,dogs
/sda1_mount/lxy/Cat_Dog_Classification/dataset/test/dogs/dog.4001.jpg,0.1841384470462799,0,cats
/sda1_mount/lxy/Cat_Dog_Classification/dataset/test/dogs/dog.4002.jpg,0.9640725255012512,1,dogs
/sda1_mount/lxy/Cat_Dog_Classification/dataset/test/dogs/dog.4003.jpg,0.9822694063186646,1,dogs
/sda1_mount/lxy/Cat_Dog_Classification/dataset/test/dogs/dog.4004.jpg,0.986879289150238,1,dogs
/sda1_mount/lxy/Cat_Dog_Classification/dataset/test/dogs/dog.4005.jpg,0.9993975162506104,1,dogs
/sda1_mount/lxy/Cat_Dog_Classification/dataset/test/dogs/dog.4006.jpg,0.9328776001930237,1,dogs
/sda1_mount/lxy/Cat_Dog_Classification/dataset/test/dogs/dog.4007.jpg,0.9651788473129272,1,dogs
/sda1_mount/lxy/Cat_Dog_Classification/dataset/test/dogs/dog.4008.jpg,0.9999923706054688,1,dogs
/sda1_mount/lxy/Cat_Dog_Classification/dataset/test/dogs/dog.4009.jpg,0.9983729124069214,1,dogs
/sda1_mount/lxy/Cat_Dog_Classification/dataset/test/dogs/dog.4010.jpg,0.7554880380630493,1,dogs
/sda1_mount/lxy/Cat_Dog_Classification/dataset/test/dogs/dog.4011.jpg,0.9840333461761475,1,dogs
/sda1_mount/lxy/Cat_Dog_Classification/dataset/test/dogs/dog.4012.jpg,0.994988739490509,1,dogs
/sda1_mount/lxy/Cat_Dog_Classification/dataset/test/dogs/dog.4013.jpg,0.9995779395103455,1,dogs
/sda1_mount/lxy/Cat_Dog_Classification/dataset/test/dogs/dog.4014.jpg,0.9941091537475586,1,dogs
/sda1_mount/lxy/Cat_Dog_Classification/dataset/test/dogs/dog.4015.jpg,0.9939972162246704,1,dogs
/sda1_mount/lxy/Cat_Dog_Classification/dataset/test/dogs/dog.4016.jpg,0.9933130145072937,1,dogs
/sda1_mount/lxy/Cat_Dog_Classification/dataset/test/dogs/dog.4017.jpg,0.9983096122741699,1,dogs
/sda1_mount/lxy/Cat_Dog_Classification/dataset/test/dogs/dog.4018.jpg,0.9906325340270996,1,dogs
/sda1_mount/lxy/Cat_Dog_Classification/dataset/test/dogs/dog.4019.jpg,0.9636386036872864,1,dogs
/sda1_mount/lxy/Cat_Dog_Classification/dataset/test/dogs/dog.4020.jpg,0.9906730055809021,1,dogs
/sda1_mount/lxy/Cat_Dog_Classification/dataset/test/dogs/dog.4021.jpg,0.9948928356170654,1,dogs
/sda1_mount/lxy/Cat_Dog_Classification/dataset/test/dogs/dog.4022.jpg,0.9991229176521301,1,dogs
/sda1_mount/lxy/Cat_Dog_Classification/dataset/test/dogs/dog.4023.jpg,0.9956883788108826,1,dogs
/sda1_mount/lxy/Cat_Dog_Classification/dataset/test/dogs/dog.4024.jpg,0.9958523511886597,1,dogs
/sda1_mount/lxy/Cat_Dog_Classification/dataset/test/dogs/dog.4025.jpg,0.9994878768920898,1,dogs
/sda1_mount/lxy/Cat_Dog_Classification/dataset/test/dogs/dog.4026.jpg,0.8224906325340271,1,dogs
/sda1_mount/lxy/Cat_Dog_Classification/dataset/test/dogs/dog.4027.jpg,0.9998247027397156,1,dogs
/sda1_mount/lxy/Cat_Dog_Classification/dataset/test/dogs/dog.4028.jpg,0.8109921216964722,1,dogs
/sda1_mount/lxy/Cat_Dog_Classification/dataset/test/dogs/dog.4029.jpg,0.9996438026428223,1,dogs
/sda1_mount/lxy/Cat_Dog_Classification/dataset/test/dogs/dog.4030.jpg,0.9904499650001526,1,dogs
/sda1_mount/lxy/Cat_Dog_Classification/dataset/test/dogs/dog.4031.jpg,0.9999021291732788,1,dogs
/sda1_mount/lxy/Cat_Dog_Classification/dataset/test/dogs/dog.4032.jpg,0.9943430423736572,1,dogs
/sda1_mount/lxy/Cat_Dog_Classification/dataset/test/dogs/dog.4033.jpg,0.9848264455795288,1,dogs
/sda1_mount/lxy/Cat_Dog_Classification/dataset/test/dogs/dog.4034.jpg,0.9788166880607605,1,dogs
/sda1_mount/lxy/Cat_Dog_Classification/dataset/test/dogs/dog.4035.jpg,0.9988417029380798,1,dogs
/sda1_mount/lxy/Cat_Dog_Classification/dataset/test/dogs/dog.4036.jpg,0.9951199293136597,1,dogs
/sda1_mount/lxy/Cat_Dog_Classification/dataset/test/dogs/dog.4037.jpg,0.9997943043708801,1,dogs
/sda1_mount/lxy/Cat_Dog_Classification/dataset/test/dogs/dog.4038.jpg,0.9968116879463196,1,dogs
/sda1_mount/lxy/Cat_Dog_Classification/dataset/test/dogs/dog.4039.jpg,0.9964644908905029,1,dogs
/sda1_mount/lxy/Cat_Dog_Classification/dataset/test/dogs/dog.4040.jpg,0.9998328685760498,1,dogs
/sda1_mount/lxy/Cat_Dog_Classification/dataset/test/dogs/dog.4041.jpg,0.9988413453102112,1,dogs
/sda1_mount/lxy/Cat_Dog_Classification/dataset/test/dogs/dog.4042.jpg,0.9994722008705139,1,dogs
/sda1_mount/lxy/Cat_Dog_Classification/dataset/test/dogs/dog.4043.jpg,0.4533275067806244,0,cats
/sda1_mount/lxy/Cat_Dog_Classification/dataset/test/dogs/dog.4044.jpg,0.9980748891830444,1,dogs
/sda1_mount/lxy/Cat_Dog_Classification/dataset/test/dogs/dog.4045.jpg,0.9999299049377441,1,dogs
/sda1_mount/lxy/Cat_Dog_Classification/dataset/test/dogs/dog.4046.jpg,0.9988692402839661,1,dogs
/sda1_mount/lxy/Cat_Dog_Classification/dataset/test/dogs/dog.4047.jpg,0.9955742359161377,1,dogs
/sda1_mount/lxy/Cat_Dog_Classification/dataset/test/dogs/dog.4048.jpg,0.9972445964813232,1,dogs
/sda1_mount/lxy/Cat_Dog_Classification/dataset/test/dogs/dog.4049.jpg,0.998572587966919,1,dogs
/sda1_mount/lxy/Cat_Dog_Classification/dataset/test/dogs/dog.4050.jpg,0.9971380233764648,1,dogs
/sda1_mount/lxy/Cat_Dog_Classification/dataset/test/dogs/dog.4051.jpg,0.9998596906661987,1,dogs
/sda1_mount/lxy/Cat_Dog_Classification/dataset/test/dogs/dog.4052.jpg,0.99968421459198,1,dogs
/sda1_mount/lxy/Cat_Dog_Classification/dataset/test/dogs/dog.4053.jpg,0.9988879561424255,1,dogs
/sda1_mount/lxy/Cat_Dog_Classification/dataset/test/dogs/dog.4054.jpg,0.9974821209907532,1,dogs
/sda1_mount/lxy/Cat_Dog_Classification/dataset/test/dogs/dog.4055.jpg,0.9985204339027405,1,dogs
/sda1_mount/lxy/Cat_Dog_Classification/dataset/test/dogs/dog.4056.jpg,0.9888707995414734,1,dogs
/sda1_mount/lxy/Cat_Dog_Classification/dataset/test/dogs/dog.4057.jpg,0.998829185962677,1,dogs
/sda1_mount/lxy/Cat_Dog_Classification/dataset/test/dogs/dog.4058.jpg,0.9999887943267822,1,dogs
/sda1_mount/lxy/Cat_Dog_Classification/dataset/test/dogs/dog.4059.jpg,0.9999717473983765,1,dogs
/sda1_mount/lxy/Cat_Dog_Classification/dataset/test/dogs/dog.4060.jpg,0.9096145033836365,1,dogs
/sda1_mount/lxy/Cat_Dog_Classification/dataset/test/dogs/dog.4061.jpg,0.9997454285621643,1,dogs
/sda1_mount/lxy/Cat_Dog_Classification/dataset/test/dogs/dog.4062.jpg,0.8805413246154785,1,dogs
/sda1_mount/lxy/Cat_Dog_Classification/dataset/test/dogs/dog.4063.jpg,0.9999799728393555,1,dogs
/sda1_mount/lxy/Cat_Dog_Classification/dataset/test/dogs/dog.4064.jpg,0.948411762714386,1,dogs
/sda1_mount/lxy/Cat_Dog_Classification/dataset/test/dogs/dog.4065.jpg,0.983238935470581,1,dogs
/sda1_mount/lxy/Cat_Dog_Classification/dataset/test/dogs/dog.4066.jpg,0.9992007613182068,1,dogs
/sda1_mount/lxy/Cat_Dog_Classification/dataset/test/dogs/dog.4067.jpg,0.987940788269043,1,dogs
/sda1_mount/lxy/Cat_Dog_Classification/dataset/test/dogs/dog.4068.jpg,0.9997711777687073,1,dogs
/sda1_mount/lxy/Cat_Dog_Classification/dataset/test/dogs/dog.4069.jpg,0.984820544719696,1,dogs
/sda1_mount/lxy/Cat_Dog_Classification/dataset/test/dogs/dog.4070.jpg,0.961740255355835,1,dogs
/sda1_mount/lxy/Cat_Dog_Classification/dataset/test/dogs/dog.4071.jpg,0.9810927510261536,1,dogs
/sda1_mount/lxy/Cat_Dog_Classification/dataset/test/dogs/dog.4072.jpg,0.995854377746582,1,dogs
/sda1_mount/lxy/Cat_Dog_Classification/dataset/test/dogs/dog.4073.jpg,0.9999513626098633,1,dogs
/sda1_mount/lxy/Cat_Dog_Classification/dataset/test/dogs/dog.4074.jpg,0.7080133557319641,1,dogs
/sda1_mount/lxy/Cat_Dog_Classification/dataset/test/dogs/dog.4075.jpg,0.9998964071273804,1,dogs
/sda1_mount/lxy/Cat_Dog_Classification/dataset/test/dogs/dog.4076.jpg,0.9737254977226257,1,dogs
/sda1_mount/lxy/Cat_Dog_Classification/dataset/test/dogs/dog.4077.jpg,0.9690589904785156,1,dogs
/sda1_mount/lxy/Cat_Dog_Classification/dataset/test/dogs/dog.4078.jpg,0.8463985919952393,1,dogs
/sda1_mount/lxy/Cat_Dog_Classification/dataset/test/dogs/dog.4079.jpg,0.9992881417274475,1,dogs
/sda1_mount/lxy/Cat_Dog_Classification/dataset/test/dogs/dog.4080.jpg,0.8334681987762451,1,dogs
/sda1_mount/lxy/Cat_Dog_Classification/dataset/test/dogs/dog.4081.jpg,0.995404839515686,1,dogs
/sda1_mount/lxy/Cat_Dog_Classification/dataset/test/dogs/dog.4082.jpg,0.9981659054756165,1,dogs
/sda1_mount/lxy/Cat_Dog_Classification/dataset/test/dogs/dog.4083.jpg,0.3437875807285309,0,cats
/sda1_mount/lxy/Cat_Dog_Classification/dataset/test/dogs/dog.4084.jpg,0.9967001080513,1,dogs
/sda1_mount/lxy/Cat_Dog_Classification/dataset/test/dogs/dog.4085.jpg,0.9936362504959106,1,dogs
/sda1_mount/lxy/Cat_Dog_Classification/dataset/test/dogs/dog.4086.jpg,0.9988114833831787,1,dogs
/sda1_mount/lxy/Cat_Dog_Classification/dataset/test/dogs/dog.4087.jpg,0.9839173555374146,1,dogs
/sda1_mount/lxy/Cat_Dog_Classification/dataset/test/dogs/dog.4088.jpg,0.9998418092727661,1,dogs
/sda1_mount/lxy/Cat_Dog_Classification/dataset/test/dogs/dog.4089.jpg,0.9026669859886169,1,dogs
/sda1_mount/lxy/Cat_Dog_Classification/dataset/test/dogs/dog.4090.jpg,0.9737926125526428,1,dogs
/sda1_mount/lxy/Cat_Dog_Classification/dataset/test/dogs/dog.4091.jpg,0.9060621857643127,1,dogs
/sda1_mount/lxy/Cat_Dog_Classification/dataset/test/dogs/dog.4092.jpg,0.9978557229042053,1,dogs
/sda1_mount/lxy/Cat_Dog_Classification/dataset/test/dogs/dog.4093.jpg,0.34127840399742126,0,cats
/sda1_mount/lxy/Cat_Dog_Classification/dataset/test/dogs/dog.4094.jpg,0.9676607251167297,1,dogs
/sda1_mount/lxy/Cat_Dog_Classification/dataset/test/dogs/dog.4095.jpg,0.9880367517471313,1,dogs
/sda1_mount/lxy/Cat_Dog_Classification/dataset/test/dogs/dog.4096.jpg,0.9931297898292542,1,dogs
/sda1_mount/lxy/Cat_Dog_Classification/dataset/test/dogs/dog.4097.jpg,0.9173953533172607,1,dogs
/sda1_mount/lxy/Cat_Dog_Classification/dataset/test/dogs/dog.4098.jpg,0.24137072265148163,0,cats
/sda1_mount/lxy/Cat_Dog_Classification/dataset/test/dogs/dog.4099.jpg,0.9979889392852783,1,dogs
/sda1_mount/lxy/Cat_Dog_Classification/dataset/test/dogs/dog.4100.jpg,0.9965535402297974,1,dogs
/sda1_mount/lxy/Cat_Dog_Classification/dataset/test/dogs/dog.4101.jpg,0.3087625205516815,0,cats
/sda1_mount/lxy/Cat_Dog_Classification/dataset/test/dogs/dog.4102.jpg,0.98378986120224,1,dogs
/sda1_mount/lxy/Cat_Dog_Classification/dataset/test/dogs/dog.4103.jpg,0.9980564117431641,1,dogs
/sda1_mount/lxy/Cat_Dog_Classification/dataset/test/dogs/dog.4104.jpg,0.9248437881469727,1,dogs
/sda1_mount/lxy/Cat_Dog_Classification/dataset/test/dogs/dog.4105.jpg,0.9750806093215942,1,dogs
/sda1_mount/lxy/Cat_Dog_Classification/dataset/test/dogs/dog.4106.jpg,0.804043173789978,1,dogs
/sda1_mount/lxy/Cat_Dog_Classification/dataset/test/dogs/dog.4107.jpg,0.9973128437995911,1,dogs
/sda1_mount/lxy/Cat_Dog_Classification/dataset/test/dogs/dog.4108.jpg,0.9996774196624756,1,dogs
/sda1_mount/lxy/Cat_Dog_Classification/dataset/test/dogs/dog.4109.jpg,0.7402619123458862,1,dogs
/sda1_mount/lxy/Cat_Dog_Classification/dataset/test/dogs/dog.4110.jpg,0.9991369843482971,1,dogs
/sda1_mount/lxy/Cat_Dog_Classification/dataset/test/dogs/dog.4111.jpg,0.9999344348907471,1,dogs
/sda1_mount/lxy/Cat_Dog_Classification/dataset/test/dogs/dog.4112.jpg,0.999988317489624,1,dogs
/sda1_mount/lxy/Cat_Dog_Classification/dataset/test/dogs/dog.4113.jpg,0.0669187605381012,0,cats
/sda1_mount/lxy/Cat_Dog_Classification/dataset/test/dogs/dog.4114.jpg,0.9999945163726807,1,dogs
/sda1_mount/lxy/Cat_Dog_Classification/dataset/test/dogs/dog.4115.jpg,0.9810646772384644,1,dogs
/sda1_mount/lxy/Cat_Dog_Classification/dataset/test/dogs/dog.4116.jpg,0.9566474556922913,1,dogs
/sda1_mount/lxy/Cat_Dog_Classification/dataset/test/dogs/dog.4117.jpg,0.9593374729156494,1,dogs
/sda1_mount/lxy/Cat_Dog_Classification/dataset/test/dogs/dog.4118.jpg,0.9977976083755493,1,dogs
/sda1_mount/lxy/Cat_Dog_Classification/dataset/test/dogs/dog.4119.jpg,0.9706972241401672,1,dogs
/sda1_mount/lxy/Cat_Dog_Classification/dataset/test/dogs/dog.4120.jpg,0.994236171245575,1,dogs
/sda1_mount/lxy/Cat_Dog_Classification/dataset/test/dogs/dog.4121.jpg,0.8693252801895142,1,dogs
/sda1_mount/lxy/Cat_Dog_Classification/dataset/test/dogs/dog.4122.jpg,0.9998788833618164,1,dogs
/sda1_mount/lxy/Cat_Dog_Classification/dataset/test/dogs/dog.4123.jpg,0.9989610910415649,1,dogs
/sda1_mount/lxy/Cat_Dog_Classification/dataset/test/dogs/dog.4124.jpg,0.9995713829994202,1,dogs
/sda1_mount/lxy/Cat_Dog_Classification/dataset/test/dogs/dog.4125.jpg,0.9970806241035461,1,dogs
/sda1_mount/lxy/Cat_Dog_Classification/dataset/test/dogs/dog.4126.jpg,0.9995179176330566,1,dogs
/sda1_mount/lxy/Cat_Dog_Classification/dataset/test/dogs/dog.4127.jpg,0.46070975065231323,0,cats
/sda1_mount/lxy/Cat_Dog_Classification/dataset/test/dogs/dog.4128.jpg,0.9999239444732666,1,dogs
/sda1_mount/lxy/Cat_Dog_Classification/dataset/test/dogs/dog.4129.jpg,0.922332227230072,1,dogs
/sda1_mount/lxy/Cat_Dog_Classification/dataset/test/dogs/dog.4130.jpg,0.9037429690361023,1,dogs
/sda1_mount/lxy/Cat_Dog_Classification/dataset/test/dogs/dog.4131.jpg,0.9999716281890869,1,dogs
/sda1_mount/lxy/Cat_Dog_Classification/dataset/test/dogs/dog.4132.jpg,0.999948263168335,1,dogs
/sda1_mount/lxy/Cat_Dog_Classification/dataset/test/dogs/dog.4133.jpg,0.48769718408584595,0,cats
/sda1_mount/lxy/Cat_Dog_Classification/dataset/test/dogs/dog.4134.jpg,0.999893307685852,1,dogs
/sda1_mount/lxy/Cat_Dog_Classification/dataset/test/dogs/dog.4135.jpg,0.9459273815155029,1,dogs
/sda1_mount/lxy/Cat_Dog_Classification/dataset/test/dogs/dog.4136.jpg,0.9644345045089722,1,dogs
/sda1_mount/lxy/Cat_Dog_Classification/dataset/test/dogs/dog.4137.jpg,0.9997031092643738,1,dogs
/sda1_mount/lxy/Cat_Dog_Classification/dataset/test/dogs/dog.4138.jpg,0.9005972743034363,1,dogs
/sda1_mount/lxy/Cat_Dog_Classification/dataset/test/dogs/dog.4139.jpg,0.93414705991745,1,dogs
/sda1_mount/lxy/Cat_Dog_Classification/dataset/test/dogs/dog.4140.jpg,0.5374202728271484,1,dogs
/sda1_mount/lxy/Cat_Dog_Classification/dataset/test/dogs/dog.4141.jpg,0.9993782043457031,1,dogs
/sda1_mount/lxy/Cat_Dog_Classification/dataset/test/dogs/dog.4142.jpg,0.9967765212059021,1,dogs
/sda1_mount/lxy/Cat_Dog_Classification/dataset/test/dogs/dog.4143.jpg,0.9994664788246155,1,dogs
/sda1_mount/lxy/Cat_Dog_Classification/dataset/test/dogs/dog.4144.jpg,0.999755322933197,1,dogs
/sda1_mount/lxy/Cat_Dog_Classification/dataset/test/dogs/dog.4145.jpg,0.9993600249290466,1,dogs
/sda1_mount/lxy/Cat_Dog_Classification/dataset/test/dogs/dog.4146.jpg,0.993263840675354,1,dogs
/sda1_mount/lxy/Cat_Dog_Classification/dataset/test/dogs/dog.4147.jpg,0.7582963705062866,1,dogs
/sda1_mount/lxy/Cat_Dog_Classification/dataset/test/dogs/dog.4148.jpg,0.9998093247413635,1,dogs
/sda1_mount/lxy/Cat_Dog_Classification/dataset/test/dogs/dog.4149.jpg,0.8975258469581604,1,dogs
/sda1_mount/lxy/Cat_Dog_Classification/dataset/test/dogs/dog.4150.jpg,0.9371612071990967,1,dogs
/sda1_mount/lxy/Cat_Dog_Classification/dataset/test/dogs/dog.4151.jpg,0.9193000197410583,1,dogs
/sda1_mount/lxy/Cat_Dog_Classification/dataset/test/dogs/dog.4152.jpg,0.9511226415634155,1,dogs
/sda1_mount/lxy/Cat_Dog_Classification/dataset/test/dogs/dog.4153.jpg,0.9993959665298462,1,dogs
/sda1_mount/lxy/Cat_Dog_Classification/dataset/test/dogs/dog.4154.jpg,0.8384833931922913,1,dogs
/sda1_mount/lxy/Cat_Dog_Classification/dataset/test/dogs/dog.4155.jpg,0.9984728693962097,1,dogs
/sda1_mount/lxy/Cat_Dog_Classification/dataset/test/dogs/dog.4156.jpg,0.999757707118988,1,dogs
/sda1_mount/lxy/Cat_Dog_Classification/dataset/test/dogs/dog.4157.jpg,0.9985865354537964,1,dogs
/sda1_mount/lxy/Cat_Dog_Classification/dataset/test/dogs/dog.4158.jpg,0.9999568462371826,1,dogs
/sda1_mount/lxy/Cat_Dog_Classification/dataset/test/dogs/dog.4159.jpg,0.9842234253883362,1,dogs
/sda1_mount/lxy/Cat_Dog_Classification/dataset/test/dogs/dog.4160.jpg,0.9993847608566284,1,dogs
/sda1_mount/lxy/Cat_Dog_Classification/dataset/test/dogs/dog.4161.jpg,0.9703034162521362,1,dogs
/sda1_mount/lxy/Cat_Dog_Classification/dataset/test/dogs/dog.4162.jpg,0.8443257808685303,1,dogs
/sda1_mount/lxy/Cat_Dog_Classification/dataset/test/dogs/dog.4163.jpg,0.9996218681335449,1,dogs
/sda1_mount/lxy/Cat_Dog_Classification/dataset/test/dogs/dog.4164.jpg,0.9913190007209778,1,dogs
/sda1_mount/lxy/Cat_Dog_Classification/dataset/test/dogs/dog.4165.jpg,0.08640050888061523,0,cats
/sda1_mount/lxy/Cat_Dog_Classification/dataset/test/dogs/dog.4166.jpg,0.9999662637710571,1,dogs
/sda1_mount/lxy/Cat_Dog_Classification/dataset/test/dogs/dog.4167.jpg,0.8773305416107178,1,dogs
/sda1_mount/lxy/Cat_Dog_Classification/dataset/test/dogs/dog.4168.jpg,0.9993497729301453,1,dogs
/sda1_mount/lxy/Cat_Dog_Classification/dataset/test/dogs/dog.4169.jpg,0.9382374882698059,1,dogs
/sda1_mount/lxy/Cat_Dog_Classification/dataset/test/dogs/dog.4170.jpg,0.9981378316879272,1,dogs
/sda1_mount/lxy/Cat_Dog_Classification/dataset/test/dogs/dog.4171.jpg,0.9657579064369202,1,dogs
/sda1_mount/lxy/Cat_Dog_Classification/dataset/test/dogs/dog.4172.jpg,0.7555578351020813,1,dogs
/sda1_mount/lxy/Cat_Dog_Classification/dataset/test/dogs/dog.4173.jpg,0.999962568283081,1,dogs
/sda1_mount/lxy/Cat_Dog_Classification/dataset/test/dogs/dog.4174.jpg,0.6908977031707764,1,dogs
/sda1_mount/lxy/Cat_Dog_Classification/dataset/test/dogs/dog.4175.jpg,0.8098095059394836,1,dogs
/sda1_mount/lxy/Cat_Dog_Classification/dataset/test/dogs/dog.4176.jpg,0.9223451018333435,1,dogs
/sda1_mount/lxy/Cat_Dog_Classification/dataset/test/dogs/dog.4177.jpg,0.9801260828971863,1,dogs
/sda1_mount/lxy/Cat_Dog_Classification/dataset/test/dogs/dog.4178.jpg,0.9990724325180054,1,dogs
/sda1_mount/lxy/Cat_Dog_Classification/dataset/test/dogs/dog.4179.jpg,0.9999812841415405,1,dogs
/sda1_mount/lxy/Cat_Dog_Classification/dataset/test/dogs/dog.4180.jpg,0.9539835453033447,1,dogs
/sda1_mount/lxy/Cat_Dog_Classification/dataset/test/dogs/dog.4181.jpg,0.9995037317276001,1,dogs
/sda1_mount/lxy/Cat_Dog_Classification/dataset/test/dogs/dog.4182.jpg,0.2790547311306,0,cats
/sda1_mount/lxy/Cat_Dog_Classification/dataset/test/dogs/dog.4183.jpg,0.88010573387146,1,dogs
/sda1_mount/lxy/Cat_Dog_Classification/dataset/test/dogs/dog.4184.jpg,0.9992886781692505,1,dogs
/sda1_mount/lxy/Cat_Dog_Classification/dataset/test/dogs/dog.4185.jpg,0.9939775466918945,1,dogs
/sda1_mount/lxy/Cat_Dog_Classification/dataset/test/dogs/dog.4186.jpg,0.9965897798538208,1,dogs
/sda1_mount/lxy/Cat_Dog_Classification/dataset/test/dogs/dog.4187.jpg,0.6573660969734192,1,dogs
/sda1_mount/lxy/Cat_Dog_Classification/dataset/test/dogs/dog.4188.jpg,0.9705345630645752,1,dogs
/sda1_mount/lxy/Cat_Dog_Classification/dataset/test/dogs/dog.4189.jpg,0.9638849496841431,1,dogs
/sda1_mount/lxy/Cat_Dog_Classification/dataset/test/dogs/dog.4190.jpg,0.9996293783187866,1,dogs
/sda1_mount/lxy/Cat_Dog_Classification/dataset/test/dogs/dog.4191.jpg,0.8895566463470459,1,dogs
/sda1_mount/lxy/Cat_Dog_Classification/dataset/test/dogs/dog.4192.jpg,0.9999330043792725,1,dogs
/sda1_mount/lxy/Cat_Dog_Classification/dataset/test/dogs/dog.4193.jpg,0.9958088397979736,1,dogs
/sda1_mount/lxy/Cat_Dog_Classification/dataset/test/dogs/dog.4194.jpg,0.7374697327613831,1,dogs
/sda1_mount/lxy/Cat_Dog_Classification/dataset/test/dogs/dog.4195.jpg,0.9950908422470093,1,dogs
/sda1_mount/lxy/Cat_Dog_Classification/dataset/test/dogs/dog.4196.jpg,0.7401137948036194,1,dogs
/sda1_mount/lxy/Cat_Dog_Classification/dataset/test/dogs/dog.4197.jpg,0.5556817650794983,1,dogs
/sda1_mount/lxy/Cat_Dog_Classification/dataset/test/dogs/dog.4198.jpg,0.9258209466934204,1,dogs
/sda1_mount/lxy/Cat_Dog_Classification/dataset/test/dogs/dog.4199.jpg,0.9171904921531677,1,dogs
/sda1_mount/lxy/Cat_Dog_Classification/dataset/test/dogs/dog.4200.jpg,0.9986423850059509,1,dogs
/sda1_mount/lxy/Cat_Dog_Classification/dataset/test/dogs/dog.4201.jpg,0.8860930800437927,1,dogs
/sda1_mount/lxy/Cat_Dog_Classification/dataset/test/dogs/dog.4202.jpg,0.9925001263618469,1,dogs
/sda1_mount/lxy/Cat_Dog_Classification/dataset/test/dogs/dog.4203.jpg,0.9628177285194397,1,dogs
/sda1_mount/lxy/Cat_Dog_Classification/dataset/test/dogs/dog.4204.jpg,0.9966962337493896,1,dogs
/sda1_mount/lxy/Cat_Dog_Classification/dataset/test/dogs/dog.4205.jpg,0.9821264147758484,1,dogs
/sda1_mount/lxy/Cat_Dog_Classification/dataset/test/dogs/dog.4206.jpg,0.9995678067207336,1,dogs
/sda1_mount/lxy/Cat_Dog_Classification/dataset/test/dogs/dog.4207.jpg,0.6806650757789612,1,dogs
/sda1_mount/lxy/Cat_Dog_Classification/dataset/test/dogs/dog.4208.jpg,0.8517358899116516,1,dogs
/sda1_mount/lxy/Cat_Dog_Classification/dataset/test/dogs/dog.4209.jpg,0.9673309326171875,1,dogs
/sda1_mount/lxy/Cat_Dog_Classification/dataset/test/dogs/dog.4210.jpg,0.9998249411582947,1,dogs
/sda1_mount/lxy/Cat_Dog_Classification/dataset/test/dogs/dog.4211.jpg,0.9828872084617615,1,dogs
/sda1_mount/lxy/Cat_Dog_Classification/dataset/test/dogs/dog.4212.jpg,0.9972831010818481,1,dogs
/sda1_mount/lxy/Cat_Dog_Classification/dataset/test/dogs/dog.4213.jpg,0.9999972581863403,1,dogs
/sda1_mount/lxy/Cat_Dog_Classification/dataset/test/dogs/dog.4214.jpg,0.9999557733535767,1,dogs
/sda1_mount/lxy/Cat_Dog_Classification/dataset/test/dogs/dog.4215.jpg,0.9316399097442627,1,dogs
/sda1_mount/lxy/Cat_Dog_Classification/dataset/test/dogs/dog.4216.jpg,0.13948729634284973,0,cats
/sda1_mount/lxy/Cat_Dog_Classification/dataset/test/dogs/dog.4217.jpg,0.9993228912353516,1,dogs
/sda1_mount/lxy/Cat_Dog_Classification/dataset/test/dogs/dog.4218.jpg,0.12389325350522995,0,cats
/sda1_mount/lxy/Cat_Dog_Classification/dataset/test/dogs/dog.4219.jpg,0.9371012449264526,1,dogs
/sda1_mount/lxy/Cat_Dog_Classification/dataset/test/dogs/dog.4220.jpg,0.9848597645759583,1,dogs
/sda1_mount/lxy/Cat_Dog_Classification/dataset/test/dogs/dog.4221.jpg,0.9999858140945435,1,dogs
/sda1_mount/lxy/Cat_Dog_Classification/dataset/test/dogs/dog.4222.jpg,0.9775493144989014,1,dogs
/sda1_mount/lxy/Cat_Dog_Classification/dataset/test/dogs/dog.4223.jpg,0.965695858001709,1,dogs
/sda1_mount/lxy/Cat_Dog_Classification/dataset/test/dogs/dog.4224.jpg,0.9988511800765991,1,dogs
/sda1_mount/lxy/Cat_Dog_Classification/dataset/test/dogs/dog.4225.jpg,0.9997839331626892,1,dogs
/sda1_mount/lxy/Cat_Dog_Classification/dataset/test/dogs/dog.4226.jpg,0.998863935470581,1,dogs
/sda1_mount/lxy/Cat_Dog_Classification/dataset/test/dogs/dog.4227.jpg,0.8883982300758362,1,dogs
/sda1_mount/lxy/Cat_Dog_Classification/dataset/test/dogs/dog.4228.jpg,0.9407321214675903,1,dogs
/sda1_mount/lxy/Cat_Dog_Classification/dataset/test/dogs/dog.4229.jpg,0.9989457726478577,1,dogs
/sda1_mount/lxy/Cat_Dog_Classification/dataset/test/dogs/dog.4230.jpg,0.9997612833976746,1,dogs
/sda1_mount/lxy/Cat_Dog_Classification/dataset/test/dogs/dog.4231.jpg,0.9996470212936401,1,dogs
/sda1_mount/lxy/Cat_Dog_Classification/dataset/test/dogs/dog.4232.jpg,0.9984418749809265,1,dogs
/sda1_mount/lxy/Cat_Dog_Classification/dataset/test/dogs/dog.4233.jpg,0.997260332107544,1,dogs
/sda1_mount/lxy/Cat_Dog_Classification/dataset/test/dogs/dog.4234.jpg,0.8572304844856262,1,dogs
/sda1_mount/lxy/Cat_Dog_Classification/dataset/test/dogs/dog.4235.jpg,0.9999591112136841,1,dogs
/sda1_mount/lxy/Cat_Dog_Classification/dataset/test/dogs/dog.4236.jpg,0.9507312774658203,1,dogs
/sda1_mount/lxy/Cat_Dog_Classification/dataset/test/dogs/dog.4237.jpg,0.6782600283622742,1,dogs
/sda1_mount/lxy/Cat_Dog_Classification/dataset/test/dogs/dog.4238.jpg,0.9983141422271729,1,dogs
/sda1_mount/lxy/Cat_Dog_Classification/dataset/test/dogs/dog.4239.jpg,0.9999663829803467,1,dogs
/sda1_mount/lxy/Cat_Dog_Classification/dataset/test/dogs/dog.4240.jpg,0.4426475167274475,0,cats
/sda1_mount/lxy/Cat_Dog_Classification/dataset/test/dogs/dog.4241.jpg,0.999595582485199,1,dogs
/sda1_mount/lxy/Cat_Dog_Classification/dataset/test/dogs/dog.4242.jpg,0.9979479908943176,1,dogs
/sda1_mount/lxy/Cat_Dog_Classification/dataset/test/dogs/dog.4243.jpg,0.9943647384643555,1,dogs
/sda1_mount/lxy/Cat_Dog_Classification/dataset/test/dogs/dog.4244.jpg,0.9992296695709229,1,dogs
/sda1_mount/lxy/Cat_Dog_Classification/dataset/test/dogs/dog.4245.jpg,0.991336464881897,1,dogs
/sda1_mount/lxy/Cat_Dog_Classification/dataset/test/dogs/dog.4246.jpg,0.9217771291732788,1,dogs
/sda1_mount/lxy/Cat_Dog_Classification/dataset/test/dogs/dog.4247.jpg,0.9980878233909607,1,dogs
/sda1_mount/lxy/Cat_Dog_Classification/dataset/test/dogs/dog.4248.jpg,0.8996553421020508,1,dogs
/sda1_mount/lxy/Cat_Dog_Classification/dataset/test/dogs/dog.4249.jpg,0.9985761642456055,1,dogs
/sda1_mount/lxy/Cat_Dog_Classification/dataset/test/dogs/dog.4250.jpg,0.8412951827049255,1,dogs
/sda1_mount/lxy/Cat_Dog_Classification/dataset/test/dogs/dog.4251.jpg,0.982662558555603,1,dogs
/sda1_mount/lxy/Cat_Dog_Classification/dataset/test/dogs/dog.4252.jpg,0.9996951818466187,1,dogs
/sda1_mount/lxy/Cat_Dog_Classification/dataset/test/dogs/dog.4253.jpg,0.9987601041793823,1,dogs
/sda1_mount/lxy/Cat_Dog_Classification/dataset/test/dogs/dog.4254.jpg,0.966274082660675,1,dogs
/sda1_mount/lxy/Cat_Dog_Classification/dataset/test/dogs/dog.4255.jpg,0.36146456003189087,0,cats
/sda1_mount/lxy/Cat_Dog_Classification/dataset/test/dogs/dog.4256.jpg,0.9629130959510803,1,dogs
/sda1_mount/lxy/Cat_Dog_Classification/dataset/test/dogs/dog.4257.jpg,0.9998531341552734,1,dogs
/sda1_mount/lxy/Cat_Dog_Classification/dataset/test/dogs/dog.4258.jpg,0.9992326498031616,1,dogs
/sda1_mount/lxy/Cat_Dog_Classification/dataset/test/dogs/dog.4259.jpg,0.9529412984848022,1,dogs
/sda1_mount/lxy/Cat_Dog_Classification/dataset/test/dogs/dog.4260.jpg,0.9999792575836182,1,dogs
/sda1_mount/lxy/Cat_Dog_Classification/dataset/test/dogs/dog.4261.jpg,0.9812155365943909,1,dogs
/sda1_mount/lxy/Cat_Dog_Classification/dataset/test/dogs/dog.4262.jpg,0.9776148200035095,1,dogs
/sda1_mount/lxy/Cat_Dog_Classification/dataset/test/dogs/dog.4263.jpg,0.9969898462295532,1,dogs
/sda1_mount/lxy/Cat_Dog_Classification/dataset/test/dogs/dog.4264.jpg,0.888093113899231,1,dogs
/sda1_mount/lxy/Cat_Dog_Classification/dataset/test/dogs/dog.4265.jpg,0.9998095631599426,1,dogs
/sda1_mount/lxy/Cat_Dog_Classification/dataset/test/dogs/dog.4266.jpg,0.9962463974952698,1,dogs
/sda1_mount/lxy/Cat_Dog_Classification/dataset/test/dogs/dog.4267.jpg,0.9958205223083496,1,dogs
/sda1_mount/lxy/Cat_Dog_Classification/dataset/test/dogs/dog.4268.jpg,0.9885329008102417,1,dogs
/sda1_mount/lxy/Cat_Dog_Classification/dataset/test/dogs/dog.4269.jpg,0.969126284122467,1,dogs
/sda1_mount/lxy/Cat_Dog_Classification/dataset/test/dogs/dog.4270.jpg,0.9998736381530762,1,dogs
/sda1_mount/lxy/Cat_Dog_Classification/dataset/test/dogs/dog.4271.jpg,0.996581494808197,1,dogs
/sda1_mount/lxy/Cat_Dog_Classification/dataset/test/dogs/dog.4272.jpg,0.9910737872123718,1,dogs
/sda1_mount/lxy/Cat_Dog_Classification/dataset/test/dogs/dog.4273.jpg,0.9993906021118164,1,dogs
/sda1_mount/lxy/Cat_Dog_Classification/dataset/test/dogs/dog.4274.jpg,0.9668930172920227,1,dogs
/sda1_mount/lxy/Cat_Dog_Classification/dataset/test/dogs/dog.4275.jpg,0.8676751852035522,1,dogs
/sda1_mount/lxy/Cat_Dog_Classification/dataset/test/dogs/dog.4276.jpg,0.9917205572128296,1,dogs
/sda1_mount/lxy/Cat_Dog_Classification/dataset/test/dogs/dog.4277.jpg,0.998091995716095,1,dogs
/sda1_mount/lxy/Cat_Dog_Classification/dataset/test/dogs/dog.4278.jpg,0.9994515776634216,1,dogs
/sda1_mount/lxy/Cat_Dog_Classification/dataset/test/dogs/dog.4279.jpg,0.9799632430076599,1,dogs
/sda1_mount/lxy/Cat_Dog_Classification/dataset/test/dogs/dog.4280.jpg,0.7863661646842957,1,dogs
/sda1_mount/lxy/Cat_Dog_Classification/dataset/test/dogs/dog.4281.jpg,0.9901137351989746,1,dogs
/sda1_mount/lxy/Cat_Dog_Classification/dataset/test/dogs/dog.4282.jpg,0.9653754830360413,1,dogs
/sda1_mount/lxy/Cat_Dog_Classification/dataset/test/dogs/dog.4283.jpg,0.1943359225988388,0,cats
/sda1_mount/lxy/Cat_Dog_Classification/dataset/test/dogs/dog.4284.jpg,0.999936580657959,1,dogs
/sda1_mount/lxy/Cat_Dog_Classification/dataset/test/dogs/dog.4285.jpg,0.9978145360946655,1,dogs
/sda1_mount/lxy/Cat_Dog_Classification/dataset/test/dogs/dog.4286.jpg,0.9996769428253174,1,dogs
/sda1_mount/lxy/Cat_Dog_Classification/dataset/test/dogs/dog.4287.jpg,0.9996198415756226,1,dogs
/sda1_mount/lxy/Cat_Dog_Classification/dataset/test/dogs/dog.4288.jpg,0.9950641989707947,1,dogs
/sda1_mount/lxy/Cat_Dog_Classification/dataset/test/dogs/dog.4289.jpg,0.9999293088912964,1,dogs
/sda1_mount/lxy/Cat_Dog_Classification/dataset/test/dogs/dog.4290.jpg,0.9853997826576233,1,dogs
/sda1_mount/lxy/Cat_Dog_Classification/dataset/test/dogs/dog.4291.jpg,0.9965059757232666,1,dogs
/sda1_mount/lxy/Cat_Dog_Classification/dataset/test/dogs/dog.4292.jpg,0.9997523427009583,1,dogs
/sda1_mount/lxy/Cat_Dog_Classification/dataset/test/dogs/dog.4293.jpg,0.9960902333259583,1,dogs
/sda1_mount/lxy/Cat_Dog_Classification/dataset/test/dogs/dog.4294.jpg,0.9685405492782593,1,dogs
/sda1_mount/lxy/Cat_Dog_Classification/dataset/test/dogs/dog.4295.jpg,0.916587233543396,1,dogs
/sda1_mount/lxy/Cat_Dog_Classification/dataset/test/dogs/dog.4296.jpg,0.9846392869949341,1,dogs
/sda1_mount/lxy/Cat_Dog_Classification/dataset/test/dogs/dog.4297.jpg,0.019016092643141747,0,cats
/sda1_mount/lxy/Cat_Dog_Classification/dataset/test/dogs/dog.4298.jpg,0.9986055493354797,1,dogs
/sda1_mount/lxy/Cat_Dog_Classification/dataset/test/dogs/dog.4299.jpg,0.9982374906539917,1,dogs
/sda1_mount/lxy/Cat_Dog_Classification/dataset/test/dogs/dog.4300.jpg,0.9999443292617798,1,dogs
/sda1_mount/lxy/Cat_Dog_Classification/dataset/test/dogs/dog.4301.jpg,0.7028878331184387,1,dogs
/sda1_mount/lxy/Cat_Dog_Classification/dataset/test/dogs/dog.4302.jpg,0.9999068975448608,1,dogs
/sda1_mount/lxy/Cat_Dog_Classification/dataset/test/dogs/dog.4303.jpg,0.9720212817192078,1,dogs
/sda1_mount/lxy/Cat_Dog_Classification/dataset/test/dogs/dog.4304.jpg,0.07765723019838333,0,cats
/sda1_mount/lxy/Cat_Dog_Classification/dataset/test/dogs/dog.4305.jpg,0.9359480142593384,1,dogs
/sda1_mount/lxy/Cat_Dog_Classification/dataset/test/dogs/dog.4306.jpg,0.0010781052988022566,0,cats
/sda1_mount/lxy/Cat_Dog_Classification/dataset/test/dogs/dog.4307.jpg,0.9975178241729736,1,dogs
/sda1_mount/lxy/Cat_Dog_Classification/dataset/test/dogs/dog.4308.jpg,0.9991471767425537,1,dogs
/sda1_mount/lxy/Cat_Dog_Classification/dataset/test/dogs/dog.4309.jpg,0.9240650534629822,1,dogs
/sda1_mount/lxy/Cat_Dog_Classification/dataset/test/dogs/dog.4310.jpg,0.9125454425811768,1,dogs
/sda1_mount/lxy/Cat_Dog_Classification/dataset/test/dogs/dog.4311.jpg,0.8930672407150269,1,dogs
/sda1_mount/lxy/Cat_Dog_Classification/dataset/test/dogs/dog.4312.jpg,0.9905635118484497,1,dogs
/sda1_mount/lxy/Cat_Dog_Classification/dataset/test/dogs/dog.4313.jpg,0.9963753819465637,1,dogs
/sda1_mount/lxy/Cat_Dog_Classification/dataset/test/dogs/dog.4314.jpg,0.974220335483551,1,dogs
/sda1_mount/lxy/Cat_Dog_Classification/dataset/test/dogs/dog.4315.jpg,0.7629231810569763,1,dogs
/sda1_mount/lxy/Cat_Dog_Classification/dataset/test/dogs/dog.4316.jpg,0.9833894371986389,1,dogs
/sda1_mount/lxy/Cat_Dog_Classification/dataset/test/dogs/dog.4317.jpg,0.9870233535766602,1,dogs
/sda1_mount/lxy/Cat_Dog_Classification/dataset/test/dogs/dog.4318.jpg,0.9855473041534424,1,dogs
/sda1_mount/lxy/Cat_Dog_Classification/dataset/test/dogs/dog.4319.jpg,0.9998461008071899,1,dogs
/sda1_mount/lxy/Cat_Dog_Classification/dataset/test/dogs/dog.4320.jpg,0.9769906997680664,1,dogs
/sda1_mount/lxy/Cat_Dog_Classification/dataset/test/dogs/dog.4321.jpg,0.9700892567634583,1,dogs
/sda1_mount/lxy/Cat_Dog_Classification/dataset/test/dogs/dog.4322.jpg,0.9992971420288086,1,dogs
/sda1_mount/lxy/Cat_Dog_Classification/dataset/test/dogs/dog.4323.jpg,0.9986773133277893,1,dogs
/sda1_mount/lxy/Cat_Dog_Classification/dataset/test/dogs/dog.4324.jpg,0.767086923122406,1,dogs
/sda1_mount/lxy/Cat_Dog_Classification/dataset/test/dogs/dog.4325.jpg,0.9942865967750549,1,dogs
/sda1_mount/lxy/Cat_Dog_Classification/dataset/test/dogs/dog.4326.jpg,0.9999713897705078,1,dogs
/sda1_mount/lxy/Cat_Dog_Classification/dataset/test/dogs/dog.4327.jpg,0.9991348385810852,1,dogs
/sda1_mount/lxy/Cat_Dog_Classification/dataset/test/dogs/dog.4328.jpg,0.9989681243896484,1,dogs
/sda1_mount/lxy/Cat_Dog_Classification/dataset/test/dogs/dog.4329.jpg,0.5854282379150391,1,dogs
/sda1_mount/lxy/Cat_Dog_Classification/dataset/test/dogs/dog.4330.jpg,0.999930739402771,1,dogs
/sda1_mount/lxy/Cat_Dog_Classification/dataset/test/dogs/dog.4331.jpg,0.979790449142456,1,dogs
/sda1_mount/lxy/Cat_Dog_Classification/dataset/test/dogs/dog.4332.jpg,0.9986760020256042,1,dogs
/sda1_mount/lxy/Cat_Dog_Classification/dataset/test/dogs/dog.4333.jpg,0.9794430136680603,1,dogs
/sda1_mount/lxy/Cat_Dog_Classification/dataset/test/dogs/dog.4334.jpg,0.015461056493222713,0,cats
/sda1_mount/lxy/Cat_Dog_Classification/dataset/test/dogs/dog.4335.jpg,0.14494246244430542,0,cats
/sda1_mount/lxy/Cat_Dog_Classification/dataset/test/dogs/dog.4336.jpg,0.999556839466095,1,dogs
/sda1_mount/lxy/Cat_Dog_Classification/dataset/test/dogs/dog.4337.jpg,0.9999986886978149,1,dogs
/sda1_mount/lxy/Cat_Dog_Classification/dataset/test/dogs/dog.4338.jpg,0.9986250400543213,1,dogs
/sda1_mount/lxy/Cat_Dog_Classification/dataset/test/dogs/dog.4339.jpg,0.9973746538162231,1,dogs
/sda1_mount/lxy/Cat_Dog_Classification/dataset/test/dogs/dog.4340.jpg,0.5235937237739563,1,dogs
/sda1_mount/lxy/Cat_Dog_Classification/dataset/test/dogs/dog.4341.jpg,0.9986703395843506,1,dogs
/sda1_mount/lxy/Cat_Dog_Classification/dataset/test/dogs/dog.4342.jpg,0.9997568726539612,1,dogs
/sda1_mount/lxy/Cat_Dog_Classification/dataset/test/dogs/dog.4343.jpg,0.9986796975135803,1,dogs
/sda1_mount/lxy/Cat_Dog_Classification/dataset/test/dogs/dog.4344.jpg,0.5629026889801025,1,dogs
/sda1_mount/lxy/Cat_Dog_Classification/dataset/test/dogs/dog.4345.jpg,0.986453115940094,1,dogs
/sda1_mount/lxy/Cat_Dog_Classification/dataset/test/dogs/dog.4346.jpg,0.9997367262840271,1,dogs
/sda1_mount/lxy/Cat_Dog_Classification/dataset/test/dogs/dog.4347.jpg,0.9857820272445679,1,dogs
/sda1_mount/lxy/Cat_Dog_Classification/dataset/test/dogs/dog.4348.jpg,0.9995080232620239,1,dogs
/sda1_mount/lxy/Cat_Dog_Classification/dataset/test/dogs/dog.4349.jpg,0.9999014139175415,1,dogs
/sda1_mount/lxy/Cat_Dog_Classification/dataset/test/dogs/dog.4350.jpg,0.9860396385192871,1,dogs
/sda1_mount/lxy/Cat_Dog_Classification/dataset/test/dogs/dog.4351.jpg,0.992203950881958,1,dogs
/sda1_mount/lxy/Cat_Dog_Classification/dataset/test/dogs/dog.4352.jpg,0.999393105506897,1,dogs
/sda1_mount/lxy/Cat_Dog_Classification/dataset/test/dogs/dog.4353.jpg,0.9998094439506531,1,dogs
/sda1_mount/lxy/Cat_Dog_Classification/dataset/test/dogs/dog.4354.jpg,0.9993688464164734,1,dogs
/sda1_mount/lxy/Cat_Dog_Classification/dataset/test/dogs/dog.4355.jpg,0.8765751123428345,1,dogs
/sda1_mount/lxy/Cat_Dog_Classification/dataset/test/dogs/dog.4356.jpg,0.999631404876709,1,dogs
/sda1_mount/lxy/Cat_Dog_Classification/dataset/test/dogs/dog.4357.jpg,0.9173451066017151,1,dogs
/sda1_mount/lxy/Cat_Dog_Classification/dataset/test/dogs/dog.4358.jpg,0.987772524356842,1,dogs
/sda1_mount/lxy/Cat_Dog_Classification/dataset/test/dogs/dog.4359.jpg,0.3791254162788391,0,cats
/sda1_mount/lxy/Cat_Dog_Classification/dataset/test/dogs/dog.4360.jpg,0.9734774231910706,1,dogs
/sda1_mount/lxy/Cat_Dog_Classification/dataset/test/dogs/dog.4361.jpg,0.9962660670280457,1,dogs
/sda1_mount/lxy/Cat_Dog_Classification/dataset/test/dogs/dog.4362.jpg,0.9992868304252625,1,dogs
/sda1_mount/lxy/Cat_Dog_Classification/dataset/test/dogs/dog.4363.jpg,0.7532342672348022,1,dogs
/sda1_mount/lxy/Cat_Dog_Classification/dataset/test/dogs/dog.4364.jpg,0.9994500279426575,1,dogs
/sda1_mount/lxy/Cat_Dog_Classification/dataset/test/dogs/dog.4365.jpg,0.9991592168807983,1,dogs
/sda1_mount/lxy/Cat_Dog_Classification/dataset/test/dogs/dog.4366.jpg,0.9849501848220825,1,dogs
/sda1_mount/lxy/Cat_Dog_Classification/dataset/test/dogs/dog.4367.jpg,0.8870399594306946,1,dogs
/sda1_mount/lxy/Cat_Dog_Classification/dataset/test/dogs/dog.4368.jpg,0.749538779258728,1,dogs
/sda1_mount/lxy/Cat_Dog_Classification/dataset/test/dogs/dog.4369.jpg,0.9996376037597656,1,dogs
/sda1_mount/lxy/Cat_Dog_Classification/dataset/test/dogs/dog.4370.jpg,0.2067365199327469,0,cats
/sda1_mount/lxy/Cat_Dog_Classification/dataset/test/dogs/dog.4371.jpg,0.9916369318962097,1,dogs
/sda1_mount/lxy/Cat_Dog_Classification/dataset/test/dogs/dog.4372.jpg,0.9740332365036011,1,dogs
/sda1_mount/lxy/Cat_Dog_Classification/dataset/test/dogs/dog.4373.jpg,0.9902123808860779,1,dogs
/sda1_mount/lxy/Cat_Dog_Classification/dataset/test/dogs/dog.4374.jpg,0.9997767806053162,1,dogs
/sda1_mount/lxy/Cat_Dog_Classification/dataset/test/dogs/dog.4375.jpg,0.969375491142273,1,dogs
/sda1_mount/lxy/Cat_Dog_Classification/dataset/test/dogs/dog.4376.jpg,0.9859997630119324,1,dogs
/sda1_mount/lxy/Cat_Dog_Classification/dataset/test/dogs/dog.4377.jpg,0.9998014569282532,1,dogs
/sda1_mount/lxy/Cat_Dog_Classification/dataset/test/dogs/dog.4378.jpg,0.9463304281234741,1,dogs
/sda1_mount/lxy/Cat_Dog_Classification/dataset/test/dogs/dog.4379.jpg,0.9994717240333557,1,dogs
/sda1_mount/lxy/Cat_Dog_Classification/dataset/test/dogs/dog.4380.jpg,0.9501511454582214,1,dogs
/sda1_mount/lxy/Cat_Dog_Classification/dataset/test/dogs/dog.4381.jpg,0.9977226853370667,1,dogs
/sda1_mount/lxy/Cat_Dog_Classification/dataset/test/dogs/dog.4382.jpg,0.9097557663917542,1,dogs
/sda1_mount/lxy/Cat_Dog_Classification/dataset/test/dogs/dog.4383.jpg,0.9985734224319458,1,dogs
/sda1_mount/lxy/Cat_Dog_Classification/dataset/test/dogs/dog.4384.jpg,0.7840312719345093,1,dogs
/sda1_mount/lxy/Cat_Dog_Classification/dataset/test/dogs/dog.4385.jpg,0.9999630451202393,1,dogs
/sda1_mount/lxy/Cat_Dog_Classification/dataset/test/dogs/dog.4386.jpg,0.29223236441612244,0,cats
/sda1_mount/lxy/Cat_Dog_Classification/dataset/test/dogs/dog.4387.jpg,0.9819043278694153,1,dogs
/sda1_mount/lxy/Cat_Dog_Classification/dataset/test/dogs/dog.4388.jpg,0.44689658284187317,0,cats
/sda1_mount/lxy/Cat_Dog_Classification/dataset/test/dogs/dog.4389.jpg,0.9987239241600037,1,dogs
/sda1_mount/lxy/Cat_Dog_Classification/dataset/test/dogs/dog.4390.jpg,0.999829888343811,1,dogs
/sda1_mount/lxy/Cat_Dog_Classification/dataset/test/dogs/dog.4391.jpg,0.9997205138206482,1,dogs
/sda1_mount/lxy/Cat_Dog_Classification/dataset/test/dogs/dog.4392.jpg,0.9912596344947815,1,dogs
/sda1_mount/lxy/Cat_Dog_Classification/dataset/test/dogs/dog.4393.jpg,0.9987519979476929,1,dogs
/sda1_mount/lxy/Cat_Dog_Classification/dataset/test/dogs/dog.4394.jpg,0.16132140159606934,0,cats
/sda1_mount/lxy/Cat_Dog_Classification/dataset/test/dogs/dog.4395.jpg,0.9917136430740356,1,dogs
/sda1_mount/lxy/Cat_Dog_Classification/dataset/test/dogs/dog.4396.jpg,0.9997647404670715,1,dogs
/sda1_mount/lxy/Cat_Dog_Classification/dataset/test/dogs/dog.4397.jpg,0.9968100190162659,1,dogs
/sda1_mount/lxy/Cat_Dog_Classification/dataset/test/dogs/dog.4398.jpg,0.9928172826766968,1,dogs
/sda1_mount/lxy/Cat_Dog_Classification/dataset/test/dogs/dog.4399.jpg,0.853438138961792,1,dogs
/sda1_mount/lxy/Cat_Dog_Classification/dataset/test/dogs/dog.4400.jpg,0.21017096936702728,0,cats
/sda1_mount/lxy/Cat_Dog_Classification/dataset/test/dogs/dog.4401.jpg,0.9970908164978027,1,dogs
/sda1_mount/lxy/Cat_Dog_Classification/dataset/test/dogs/dog.4402.jpg,0.9996422529220581,1,dogs
/sda1_mount/lxy/Cat_Dog_Classification/dataset/test/dogs/dog.4403.jpg,0.9999082088470459,1,dogs
/sda1_mount/lxy/Cat_Dog_Classification/dataset/test/dogs/dog.4404.jpg,0.9996662139892578,1,dogs
/sda1_mount/lxy/Cat_Dog_Classification/dataset/test/dogs/dog.4405.jpg,0.73344886302948,1,dogs
/sda1_mount/lxy/Cat_Dog_Classification/dataset/test/dogs/dog.4406.jpg,0.9896950721740723,1,dogs
/sda1_mount/lxy/Cat_Dog_Classification/dataset/test/dogs/dog.4407.jpg,0.9987026453018188,1,dogs
/sda1_mount/lxy/Cat_Dog_Classification/dataset/test/dogs/dog.4408.jpg,1.2816971876189465e-13,0,cats
/sda1_mount/lxy/Cat_Dog_Classification/dataset/test/dogs/dog.4409.jpg,0.999704897403717,1,dogs
/sda1_mount/lxy/Cat_Dog_Classification/dataset/test/dogs/dog.4410.jpg,0.999657392501831,1,dogs
/sda1_mount/lxy/Cat_Dog_Classification/dataset/test/dogs/dog.4411.jpg,0.9873227477073669,1,dogs
/sda1_mount/lxy/Cat_Dog_Classification/dataset/test/dogs/dog.4412.jpg,0.9397614598274231,1,dogs
/sda1_mount/lxy/Cat_Dog_Classification/dataset/test/dogs/dog.4413.jpg,0.7503497004508972,1,dogs
/sda1_mount/lxy/Cat_Dog_Classification/dataset/test/dogs/dog.4414.jpg,0.9450081586837769,1,dogs
/sda1_mount/lxy/Cat_Dog_Classification/dataset/test/dogs/dog.4415.jpg,0.9998902082443237,1,dogs
/sda1_mount/lxy/Cat_Dog_Classification/dataset/test/dogs/dog.4416.jpg,0.8414596319198608,1,dogs
/sda1_mount/lxy/Cat_Dog_Classification/dataset/test/dogs/dog.4417.jpg,0.8687359094619751,1,dogs
/sda1_mount/lxy/Cat_Dog_Classification/dataset/test/dogs/dog.4418.jpg,0.9997660517692566,1,dogs
/sda1_mount/lxy/Cat_Dog_Classification/dataset/test/dogs/dog.4419.jpg,0.9997420907020569,1,dogs
/sda1_mount/lxy/Cat_Dog_Classification/dataset/test/dogs/dog.4420.jpg,0.9633679986000061,1,dogs
/sda1_mount/lxy/Cat_Dog_Classification/dataset/test/dogs/dog.4421.jpg,0.9550898671150208,1,dogs
/sda1_mount/lxy/Cat_Dog_Classification/dataset/test/dogs/dog.4422.jpg,0.8471060991287231,1,dogs
/sda1_mount/lxy/Cat_Dog_Classification/dataset/test/dogs/dog.4423.jpg,0.9957196116447449,1,dogs
/sda1_mount/lxy/Cat_Dog_Classification/dataset/test/dogs/dog.4424.jpg,0.989387035369873,1,dogs
/sda1_mount/lxy/Cat_Dog_Classification/dataset/test/dogs/dog.4425.jpg,0.9974899291992188,1,dogs
/sda1_mount/lxy/Cat_Dog_Classification/dataset/test/dogs/dog.4426.jpg,0.15926304459571838,0,cats
/sda1_mount/lxy/Cat_Dog_Classification/dataset/test/dogs/dog.4427.jpg,0.9919388890266418,1,dogs
/sda1_mount/lxy/Cat_Dog_Classification/dataset/test/dogs/dog.4428.jpg,0.9617522358894348,1,dogs
/sda1_mount/lxy/Cat_Dog_Classification/dataset/test/dogs/dog.4429.jpg,0.9546290636062622,1,dogs
/sda1_mount/lxy/Cat_Dog_Classification/dataset/test/dogs/dog.4430.jpg,0.9731825590133667,1,dogs
/sda1_mount/lxy/Cat_Dog_Classification/dataset/test/dogs/dog.4431.jpg,0.999362051486969,1,dogs
/sda1_mount/lxy/Cat_Dog_Classification/dataset/test/dogs/dog.4432.jpg,0.9912868142127991,1,dogs
/sda1_mount/lxy/Cat_Dog_Classification/dataset/test/dogs/dog.4433.jpg,0.9995447993278503,1,dogs
/sda1_mount/lxy/Cat_Dog_Classification/dataset/test/dogs/dog.4434.jpg,0.9999334812164307,1,dogs
/sda1_mount/lxy/Cat_Dog_Classification/dataset/test/dogs/dog.4435.jpg,0.673253059387207,1,dogs
/sda1_mount/lxy/Cat_Dog_Classification/dataset/test/dogs/dog.4436.jpg,0.9999270439147949,1,dogs
/sda1_mount/lxy/Cat_Dog_Classification/dataset/test/dogs/dog.4437.jpg,0.9999799728393555,1,dogs
/sda1_mount/lxy/Cat_Dog_Classification/dataset/test/dogs/dog.4438.jpg,0.9573696851730347,1,dogs
/sda1_mount/lxy/Cat_Dog_Classification/dataset/test/dogs/dog.4439.jpg,0.9398218989372253,1,dogs
/sda1_mount/lxy/Cat_Dog_Classification/dataset/test/dogs/dog.4440.jpg,0.9956606030464172,1,dogs
/sda1_mount/lxy/Cat_Dog_Classification/dataset/test/dogs/dog.4441.jpg,0.9726985692977905,1,dogs
/sda1_mount/lxy/Cat_Dog_Classification/dataset/test/dogs/dog.4442.jpg,0.0990217924118042,0,cats
/sda1_mount/lxy/Cat_Dog_Classification/dataset/test/dogs/dog.4443.jpg,0.9989882111549377,1,dogs
/sda1_mount/lxy/Cat_Dog_Classification/dataset/test/dogs/dog.4444.jpg,0.9999068975448608,1,dogs
/sda1_mount/lxy/Cat_Dog_Classification/dataset/test/dogs/dog.4445.jpg,0.9999264478683472,1,dogs
/sda1_mount/lxy/Cat_Dog_Classification/dataset/test/dogs/dog.4446.jpg,0.9971668124198914,1,dogs
/sda1_mount/lxy/Cat_Dog_Classification/dataset/test/dogs/dog.4447.jpg,0.9441353678703308,1,dogs
/sda1_mount/lxy/Cat_Dog_Classification/dataset/test/dogs/dog.4448.jpg,0.9805805683135986,1,dogs
/sda1_mount/lxy/Cat_Dog_Classification/dataset/test/dogs/dog.4449.jpg,0.9987579584121704,1,dogs
/sda1_mount/lxy/Cat_Dog_Classification/dataset/test/dogs/dog.4450.jpg,0.9290632009506226,1,dogs
/sda1_mount/lxy/Cat_Dog_Classification/dataset/test/dogs/dog.4451.jpg,0.9997926354408264,1,dogs
/sda1_mount/lxy/Cat_Dog_Classification/dataset/test/dogs/dog.4452.jpg,0.9540886878967285,1,dogs
/sda1_mount/lxy/Cat_Dog_Classification/dataset/test/dogs/dog.4453.jpg,0.9964526891708374,1,dogs
/sda1_mount/lxy/Cat_Dog_Classification/dataset/test/dogs/dog.4454.jpg,0.9978132247924805,1,dogs
/sda1_mount/lxy/Cat_Dog_Classification/dataset/test/dogs/dog.4455.jpg,0.9991413354873657,1,dogs
/sda1_mount/lxy/Cat_Dog_Classification/dataset/test/dogs/dog.4456.jpg,0.988274335861206,1,dogs
/sda1_mount/lxy/Cat_Dog_Classification/dataset/test/dogs/dog.4457.jpg,0.9996941089630127,1,dogs
/sda1_mount/lxy/Cat_Dog_Classification/dataset/test/dogs/dog.4458.jpg,0.9998761415481567,1,dogs
/sda1_mount/lxy/Cat_Dog_Classification/dataset/test/dogs/dog.4459.jpg,0.9944432377815247,1,dogs
/sda1_mount/lxy/Cat_Dog_Classification/dataset/test/dogs/dog.4460.jpg,0.9995689988136292,1,dogs
/sda1_mount/lxy/Cat_Dog_Classification/dataset/test/dogs/dog.4461.jpg,0.963331401348114,1,dogs
/sda1_mount/lxy/Cat_Dog_Classification/dataset/test/dogs/dog.4462.jpg,0.9982625842094421,1,dogs
/sda1_mount/lxy/Cat_Dog_Classification/dataset/test/dogs/dog.4463.jpg,0.8054503798484802,1,dogs
/sda1_mount/lxy/Cat_Dog_Classification/dataset/test/dogs/dog.4464.jpg,0.9994804263114929,1,dogs
/sda1_mount/lxy/Cat_Dog_Classification/dataset/test/dogs/dog.4465.jpg,0.9567039608955383,1,dogs
/sda1_mount/lxy/Cat_Dog_Classification/dataset/test/dogs/dog.4466.jpg,0.9999332427978516,1,dogs
/sda1_mount/lxy/Cat_Dog_Classification/dataset/test/dogs/dog.4467.jpg,0.968367874622345,1,dogs
/sda1_mount/lxy/Cat_Dog_Classification/dataset/test/dogs/dog.4468.jpg,0.9287973642349243,1,dogs
/sda1_mount/lxy/Cat_Dog_Classification/dataset/test/dogs/dog.4469.jpg,0.9990322589874268,1,dogs
/sda1_mount/lxy/Cat_Dog_Classification/dataset/test/dogs/dog.4470.jpg,0.768684446811676,1,dogs
/sda1_mount/lxy/Cat_Dog_Classification/dataset/test/dogs/dog.4471.jpg,0.9780996441841125,1,dogs
/sda1_mount/lxy/Cat_Dog_Classification/dataset/test/dogs/dog.4472.jpg,0.9994059801101685,1,dogs
/sda1_mount/lxy/Cat_Dog_Classification/dataset/test/dogs/dog.4473.jpg,0.9985997080802917,1,dogs
/sda1_mount/lxy/Cat_Dog_Classification/dataset/test/dogs/dog.4474.jpg,0.971646249294281,1,dogs
/sda1_mount/lxy/Cat_Dog_Classification/dataset/test/dogs/dog.4475.jpg,0.13257808983325958,0,cats
/sda1_mount/lxy/Cat_Dog_Classification/dataset/test/dogs/dog.4476.jpg,0.9119837284088135,1,dogs
/sda1_mount/lxy/Cat_Dog_Classification/dataset/test/dogs/dog.4477.jpg,0.9998315572738647,1,dogs
/sda1_mount/lxy/Cat_Dog_Classification/dataset/test/dogs/dog.4478.jpg,0.9955931305885315,1,dogs
/sda1_mount/lxy/Cat_Dog_Classification/dataset/test/dogs/dog.4479.jpg,0.9982910752296448,1,dogs
/sda1_mount/lxy/Cat_Dog_Classification/dataset/test/dogs/dog.4480.jpg,0.999819815158844,1,dogs
/sda1_mount/lxy/Cat_Dog_Classification/dataset/test/dogs/dog.4481.jpg,0.9997158646583557,1,dogs
/sda1_mount/lxy/Cat_Dog_Classification/dataset/test/dogs/dog.4482.jpg,0.9550434350967407,1,dogs
/sda1_mount/lxy/Cat_Dog_Classification/dataset/test/dogs/dog.4483.jpg,0.9886000156402588,1,dogs
/sda1_mount/lxy/Cat_Dog_Classification/dataset/test/dogs/dog.4484.jpg,0.9995280504226685,1,dogs
/sda1_mount/lxy/Cat_Dog_Classification/dataset/test/dogs/dog.4485.jpg,0.9949455857276917,1,dogs
/sda1_mount/lxy/Cat_Dog_Classification/dataset/test/dogs/dog.4486.jpg,0.9491758346557617,1,dogs
/sda1_mount/lxy/Cat_Dog_Classification/dataset/test/dogs/dog.4487.jpg,0.9983018636703491,1,dogs
/sda1_mount/lxy/Cat_Dog_Classification/dataset/test/dogs/dog.4488.jpg,0.9995037317276001,1,dogs
/sda1_mount/lxy/Cat_Dog_Classification/dataset/test/dogs/dog.4489.jpg,0.825402021408081,1,dogs
/sda1_mount/lxy/Cat_Dog_Classification/dataset/test/dogs/dog.4490.jpg,0.9959789514541626,1,dogs
/sda1_mount/lxy/Cat_Dog_Classification/dataset/test/dogs/dog.4491.jpg,0.9860169291496277,1,dogs
/sda1_mount/lxy/Cat_Dog_Classification/dataset/test/dogs/dog.4492.jpg,0.9999632835388184,1,dogs
/sda1_mount/lxy/Cat_Dog_Classification/dataset/test/dogs/dog.4493.jpg,0.999710738658905,1,dogs
/sda1_mount/lxy/Cat_Dog_Classification/dataset/test/dogs/dog.4494.jpg,0.45682787895202637,0,cats
/sda1_mount/lxy/Cat_Dog_Classification/dataset/test/dogs/dog.4495.jpg,0.9790539741516113,1,dogs
/sda1_mount/lxy/Cat_Dog_Classification/dataset/test/dogs/dog.4496.jpg,0.8754125833511353,1,dogs
/sda1_mount/lxy/Cat_Dog_Classification/dataset/test/dogs/dog.4497.jpg,0.9998089671134949,1,dogs
/sda1_mount/lxy/Cat_Dog_Classification/dataset/test/dogs/dog.4498.jpg,0.9998552799224854,1,dogs
/sda1_mount/lxy/Cat_Dog_Classification/dataset/test/dogs/dog.4499.jpg,0.9650377631187439,1,dogs
/sda1_mount/lxy/Cat_Dog_Classification/dataset/test/dogs/dog.4500.jpg,0.9259759783744812,1,dogs
